last_name, first_name,player_id,year,p_k_percent,p_bb_percent,p_win,p_loss,groundballs_percent,flyballs_percent,ff_avg_spin,n_fastball_formatted,fastball_avg_spin,fastball_avg_break_x,n_breaking_formatted,breaking_avg_spin,
Wainwright, Adam,425794,2022,17.8,6.7,11,12,43.7,25.2,2234,62.9,2291,-3.5,31,2776,
Greinke, Zack,425844,2022,12.5,4.6,4,9,41.5,23.2,2286,54.8,2304,-0.2,28.7,2434,
Verlander, Justin,434378,2022,27.8,4.4,18,4,38.6,28.5,2423,50.4,2423,-9.5,47.1,2536,
Sanchez, Anibal,434671,2022,16.4,11.3,4,6,39.1,30.9,2065,62.7,2035,-4.6,11.8,2069,
Jansen, Kenley,445276,2022,32.7,8.5,5,2,30.5,39.1,,86.9,2480,5.1,13.1,2459,
Chavez, Jesse,445926,2022,25.3,6.8,4,3,39.6,25.4,2056,85.4,2145,-6.5,1.7,2512,
Detwiler, Ross,446321,2022,23.0,8.2,0,2,39.5,22.2,2243,93.8,2155,5.4,3.4,2141,
Kluber, Corey,446372,2022,20.2,3.0,10,10,36.8,27,2271,62.4,2292,-5.6,27.3,2526,
Hill, Rich,448179,2022,20.7,7.0,8,7,40.7,27.1,2252,49.3,2257,5.6,46.6,2612,
Morton, Charlie,450203,2022,28.2,8.7,9,6,39.6,28.1,2374,53.4,2368,-9.7,38,3068,
Kennedy, Ian,453178,2022,19.0,9.5,4,7,24.4,32.9,2447,83.6,2436,-10,5.8,2555,
Bard, Daniel,453268,2022,28.2,10.2,6,4,51.4,20.3,2634,55,2513,-14.1,42.6,2775,
Scherzer, Max,453286,2022,30.6,4.2,11,5,32.8,30.8,2387,54.8,2387,-9.1,32.7,2433,
Melancon, Mark,453343,2022,14.2,8.5,3,10,44.2,22.1,2324,65.8,2269,0.6,31.8,2571,
Martin, Chris,455119,2022,32.9,2.2,4,1,49.7,22.1,2182,83.1,2160,-4.6,7.7,2495,
Price, David,456034,2022,22.2,5.4,2,0,56.2,24,1888,85.1,1902,9.7,4.2,2224,
Cueto, Johnny,456501,2022,15.7,5.1,8,10,42.9,27.6,2189,62.7,2156,-11.1,17.1,2231,
Bush, Matt,456713,2022,30.3,7.4,2,3,42.3,34.2,2525,64.8,2548,-4.6,35.2,2480,
Lynn, Lance,458681,2022,24.2,3.7,8,7,42.6,26.7,2443,82.6,2472,-3.1,13.4,2517,
McGee, Jake,459429,2022,15.3,7.4,1,3,28.6,38.1,2079,82.8,2079,11.7,17.2,1842,
Clippard, Tyler,461325,2022,14.3,14.3,0,0,41.2,35.3,2229,47.8,2179,-10.3,5.3,2140,
Chacin, Jhoulys,468504,2022,16.9,9.6,4,2,39,28.9,2379,44.7,2319,-9.9,52.7,2599,
Carrasco, Carlos,471911,2022,23.6,6.4,15,7,47,23,2283,46.8,2253,-9.7,28.6,2485,
Garcia, Luis,472610,2022,26.3,6.6,4,6,54.4,16.6,2247,55,2146,-14.5,32.1,2482,
Phelps, David,475479,2022,23.5,11.4,0,2,37.6,28.9,2359,66.1,2358,-6.4,26.4,2532,
Luetge, Lucas,476595,2022,23.9,6.8,4,4,35.9,21.8,,54.6,2591,-5.1,45.4,2609,
Kershaw, Clayton,477132,2022,27.8,4.7,12,3,47.7,21.8,2408,40.4,2407,-0.4,59,2526,
Hunter, Tommy,488984,2022,23.4,6.4,0,1,42.4,34.8,2345,86,2399,-4.6,14,2705,
Miley, Wade,489119,2022,17.6,8.8,2,2,52.2,20,2263,59.3,2270,-0.7,9.1,2372,
Romo, Sergio,489265,2022,17.7,7.6,0,1,17.2,48.3,2272,36.4,2162,-18,50.4,2789,
Stammen, Craig,489334,2022,19.8,5.6,1,2,51.2,27.1,2296,76.6,2241,-9.6,20.7,2357,
Yates, Kirby,489446,2022,18.2,15.2,0,0,36.4,45.5,2327,50.4,2327,-13.4,0.7,2346,
Ottavino, Adam,493603,2022,30.6,6.2,6,3,51.3,20.3,2351,50,2310,-12.3,42.9,2700,
Quintana, Jose,500779,2022,20.2,6.9,6,7,47,20.8,2077,52.4,2075,5.6,28.1,2261,
Pineda, Michael,501381,2022,13.0,4.0,2,7,39.2,28.3,1934,59.2,1934,-5.5,21.5,1933,
Alvarez, Jose,501625,2022,19.7,11.8,2,1,49,22.4,2146,54.9,2035,15.9,9.9,2161,
Smith, Joe,501925,2022,13.9,7.4,1,1,56.8,20,2053,72.7,1962,-15.5,27.3,2223,
Minor, Mike,501985,2022,16.7,8.8,4,12,34.6,29.2,2472,41.5,2472,4,35.3,2622,
Archer, Chris,502042,2022,19.2,11.0,2,8,43.9,26.9,2174,35.7,2174,-6.4,49.6,2464,
Gibson, Kyle,502043,2022,20.1,6.7,10,8,46.8,23.2,2279,61.7,2241,-7.5,27.6,2499,
Robertson, David,502085,2022,30.7,13.3,4,3,46.2,26.9,,51,2611,0.7,49,2645,
Cobb, Alex,502171,2022,23.9,6.8,7,8,61.9,14.5,2251,42.1,2091,-15.8,15.3,2610,
Espino, Paolo,502179,2022,18.9,4.9,0,9,40.4,32,2228,48,2228,-2.8,47.3,2885,
Boxberger, Brad,502202,2022,25.4,10.1,4,3,36.8,32.2,2385,55,2385,-6,22.5,2461,
Anderson, Chase,502624,2022,22.3,14.6,2,4,54.8,21,2163,55.4,2217,-5.3,16.2,2252,
O'Day, Darren,503285,2022,27.7,10.6,2,2,38.6,31.6,2387,52.2,2352,-11.8,47.8,2315,
Peralta, Wily,503449,2022,19.0,14.3,2,0,45.9,21.6,1944,49.4,1914,-9.2,29.8,2257,
Darvish, Yu,506433,2022,25.6,4.8,16,8,38.5,31,2420,69.5,2571,-1.8,23.1,2719,
Colome, Alex,517008,2022,14.9,10.2,2,7,55.6,20,2125,100,2149,1.1,,,
Alexander, Scott,518397,2022,15.9,1.6,0,0,78.8,5.8,,71.5,2175,13.7,12.6,2381,
Brasier, Ryan,518489,2022,24.3,4.9,0,3,41.1,24.9,2270,55.7,2262,-8.9,42.9,2469,
Bumgarner, Madison,518516,2022,16.0,7.0,7,15,37.7,30.3,2203,69.8,2250,2.3,18.9,2303,
Cishek, Steve,518553,2022,25.8,9.4,1,4,42.8,26,2381,62.5,2329,-15.1,37.1,2275,
Cruz, Fernando,518585,2022,32.8,14.1,0,1,42.4,30.3,2273,26.2,2261,-7.4,44.6,2492,
Diekman, Jake,518617,2022,29.4,15.6,5,4,40.7,20.7,2284,63.9,2251,16.5,35.1,2850,
Grimm, Justin,518748,2022,15.5,9.9,0,0,41.2,23.5,2113,41.2,2113,-5.7,58.8,2321,
Kelly, Merrill,518876,2022,22.0,7.6,13,8,43.8,28.4,2358,64.5,2312,-8.4,13.7,2548,
Kimbrel, Craig,518886,2022,27.7,10.8,6,7,41.3,31,2264,68.5,2264,-10.4,31.5,2542,
McFarland, T.J.,519008,2022,11.0,7.6,0,0,54.3,19,,62.8,1940,17.2,15.2,2258,
Moore, Matt,519043,2022,27.3,12.5,5,2,44.5,23.6,2385,45,2385,9.1,38.2,2434,
Pressly, Ryan,519151,2022,35.7,7.1,3,3,46.2,25,2512,32.6,2512,-3.2,63.9,2959,
Sale, Chris,519242,2022,20.0,4.0,0,1,50,11.1,2313,46.1,2270,15,32.4,2348,
Smith, Will,519293,2022,24.9,9.6,0,3,36.1,32,2179,41.5,2179,8.6,57.4,2199,
Strickland, Hunter,519326,2022,21.1,11.6,3,3,34.2,29.3,2352,57.8,2337,-6,39,2814,
Hendriks, Liam,521230,2022,36.2,6.8,4,4,36.4,28.8,2398,60.5,2398,-6,39.5,2197,
Kelly, Joe,523260,2022,31.2,13.5,1,3,67,17.6,2199,39.5,2179,-15,51.9,2880,
Perez, Martin,527048,2022,20.6,8.4,12,8,51.9,21.4,2055,67.5,2083,10.2,4.9,2482,
Vizcaino, Arodys,527055,2022,10.3,24.1,0,0,26.3,42.1,2247,59.1,2245,-13.6,39.1,2313,
Castellanos, Humberto,528748,2022,16.5,6.2,3,2,34.5,29.7,2139,42.2,2056,-13.9,47.3,2222,
Ramirez, Erasmo,541640,2022,17.6,4.0,4,2,46.2,23.7,2191,89.9,2296,-6.4,6.7,2562,
Cisnero, Jose,542585,2022,21.9,18.1,1,0,37.1,27.4,2452,68.1,2357,-13.5,25.8,2566,
Anderson, Tyler,542881,2022,19.5,4.8,15,5,40.9,27.4,2231,67.1,2293,5.2,1.2,2141,
Armstrong, Shawn,542888,2022,24.5,6.3,2,3,48.9,25.8,2302,93.4,2293,-6.1,6.6,2518,
Bass, Anthony,542914,2022,26.5,7.3,4,3,40.7,26.4,2022,40.3,1998,-11.9,55.7,2221,
Bleier, Richard,542947,2022,14.4,4.5,2,2,54.2,17.9,2103,77.2,2030,10,15.9,2017,
Cole, Gerrit,543037,2022,32.4,6.3,13,8,42,28.6,2428,58.2,2434,-9.2,33.4,2637,
Coulombe, Danny,543056,2022,17.0,17.0,0,0,37.1,34.3,2386,37.8,2378,4.4,42.6,2596,
DeSclafani, Anthony,543101,2022,18.1,4.3,0,2,44.4,26.4,2266,42.6,2140,-14,51.7,2161,
Eovaldi, Nathan,543135,2022,22.4,4.3,6,3,47.9,23.5,2128,48.4,2179,-9.4,30.7,2104,
Gose, Anthony,543238,2022,30.4,15.2,3,0,26.5,36.7,2246,64.8,2246,6.7,35,2288,
Gray, Sonny,543243,2022,24.0,7.4,8,5,44.4,22.2,2540,63.3,2531,-5.1,35.7,2780,
Hand, Brad,543272,2022,19.2,11.6,3,2,42,24.4,2349,47.9,2326,12.8,52.1,2282,
Hendricks, Kyle,543294,2022,18.5,6.7,4,6,37,27.9,2020,57.5,1950,-9.7,11.9,2983,
Hudson, Daniel,543339,2022,30.9,5.2,2,3,55,18.3,2408,54.7,2406,-11.3,41.9,2469,
Lyles, Jordan,543475,2022,18.6,6.7,12,11,40.4,28.2,2204,51.9,2180,-7.8,37.3,2566,
May, Trevor,543507,2022,27.0,8.1,2,0,29.2,30.6,2293,52.5,2295,-8,26.5,2425,
McHugh, Collin,543521,2022,27.6,5.1,3,2,40.4,24.2,2333,48.8,2508,0.6,51.2,2785,
Milone, Tommy,543548,2022,7.2,8.7,1,1,28.1,38.6,2205,42,2205,6.5,19.3,2402,
Odorizzi, Jake,543606,2022,19.0,7.7,6,6,32.2,30.4,2144,72.2,2124,-6.2,11.1,2116,
Shaw, Bryan,543766,2022,19.9,10.0,6,2,49.2,22.3,,82.7,2380,3.5,14.4,2382,
Weber, Ryan,543901,2022,8.1,2.7,0,0,60.6,21.2,,55.9,2064,-17.8,37,2345,
Banuelos, Manny,544365,2022,24.0,12.0,2,1,54.1,18.3,2049,41.4,1934,13.8,48.6,2442,
Familia, Jeurys,544727,2022,20.1,10.8,2,3,48.9,21.6,2297,70.4,2227,-13.7,15.1,2185,
Head, Louis,545343,2022,18.8,10.9,0,0,29.7,33,2173,40.1,2173,-5.5,55.5,2624,
Poteet, Cody,547001,2022,18.4,9.6,0,1,52.4,28,2343,37.5,2294,-9.1,24.3,2809,
Lorenzen, Michael,547179,2022,20.7,10.7,8,6,51.1,22.3,2439,55,2376,-11.5,22.7,2498,
Ryu, Hyun Jin,547943,2022,14.2,3.5,2,0,46.2,26.9,1959,55.2,1959,10,21,2530,
Chapman, Aroldis,547973,2022,26.9,17.5,4,4,35.6,28.7,2362,60.5,2368,5.1,24.6,2282,
Raley, Brooks,548384,2022,27.9,6.8,1,2,38.7,24.1,2334,42.1,2420,7.3,38.3,2940,
Stripling, Ross,548389,2022,20.7,3.7,10,4,44.4,24.1,2124,41.2,2102,-6.5,31.6,2324,
Kittredge, Andrew,552640,2022,18.7,2.7,3,1,45.8,32.2,2623,59.2,2405,-12.4,40.8,2658,
Garcia, Yimi,554340,2022,23.5,6.5,4,5,40.2,31.4,2456,58.4,2406,-11.5,34.3,2572,
Wheeler, Zack,554430,2022,26.9,5.6,12,7,46.4,23.8,2390,59.4,2341,-11.2,38.8,2519,
Matzek, Tyler,554431,2022,19.6,15.8,4,2,35,35,2444,76.7,2444,3.8,23.3,2807,
Rodriguez, Joely,570257,2022,26.4,12.0,2,4,54.5,17.4,2019,55.2,1964,16.7,5.9,2260,
Valdez, Phillips,570488,2022,18.1,9.7,0,1,56.5,17.4,,44.9,2378,-19.8,9.1,2323,
Urena, Jose,570632,2022,14.6,10.0,3,8,50.5,20.6,2149,59.3,2185,-14,24.4,2324,
Robles, Hansel,570663,2022,18.9,12.6,1,3,39.5,27.6,2306,50.5,2306,-14.7,32.9,2287,
Cessa, Luis,570666,2022,17.6,8.3,4,4,49.8,21.9,2297,42,2242,-11.3,38.9,2528,
Appel, Mark,571446,2022,12.5,7.5,0,0,53.1,15.6,,75.2,1892,-14.3,20.1,1793,
Bellatti, Andrew,571479,2022,33.9,10.9,4,4,28.6,34.9,2436,40.4,2436,-10.5,52.4,2398,
Boyd, Matthew,571510,2022,24.5,15.1,2,0,45.2,25.8,2482,47.4,2461,12.9,33.9,2409,
Corbin, Patrick,571578,2022,18.0,6.9,6,19,45.4,24,2120,62.3,2085,12.5,29.4,2184,
Farmer, Buck,571656,2022,27.1,12.6,2,2,43.7,20.2,2325,44.6,2325,-10.1,31.4,2688,
Floro, Dylan,571670,2022,21.8,6.8,1,3,44.6,23.6,2177,63,2149,-14.4,21.9,1891,
Givens, Mychal,571710,2022,27.3,9.6,7,3,43.4,23.3,2426,51.5,2426,-6.9,29.8,2575,
Heaney, Andrew,571760,2022,35.5,6.1,4,4,37.2,31.4,2442,62.5,2442,14.8,32.4,2583,
Hutchison, Drew,571800,2022,14.7,9.1,3,9,40.3,26.7,2258,52.6,2267,-5.3,37.1,2582,
Law, Derek,571882,2022,18.5,8.7,2,3,49.2,20,2105,72.7,2261,-0.7,24.4,2233,
Loup, Aaron,571901,2022,20.0,8.5,0,5,50.6,21.3,,84.7,2212,11,2.8,2343,
Matz, Steven,571927,2022,26.1,4.8,5,3,38.3,24.1,,48.5,2260,15.4,22.6,2347,
Mikolas, Miles,571945,2022,19.0,4.8,12,13,45.9,25.2,2292,49.7,2265,-8.7,46.3,2460,
Miller, Shelby,571946,2022,46.7,10.0,0,1,23.1,53.8,2338,44.9,2338,-8.9,55.1,2500,
Milner, Hoby,571948,2022,23.5,5.5,3,3,51.1,23.1,1974,47,1988,18.3,32.7,1887,
Richards, Garrett,572070,2022,19.5,7.0,1,1,51.9,22.6,2310,25.3,2311,0.3,40,2619,
Selman, Sam,572125,2022,24.0,6.7,0,0,33.3,39.2,2173,52.9,2174,3.4,47.1,2329,
Tepera, Ryan,572193,2022,20.3,8.6,5,4,41.7,30.7,2224,48.3,2210,-10.3,42.8,2319,
VerHagen, Drew,572403,2022,17.0,13.2,3,1,35.6,26,2371,48.9,2370,-8,35.3,2276,
Bard, Luke,572703,2022,13.6,11.9,1,1,42.9,21.4,2570,53.1,2611,-7.4,42.3,2738,
Johnson, Pierce,572955,2022,32.8,12.5,1,2,57.1,17.1,2172,38.6,2172,-11.8,61.4,2881,
Keuchel, Dallas,572971,2022,14.9,10.2,2,9,50.7,20.3,2185,65.8,2017,10.3,8,2316,
Mantiply, Joe,573009,2022,25.1,2.5,2,5,55.5,15.6,2208,43.8,2190,18.1,30.2,2336,
Rogers, Taylor,573124,2022,30.7,6.9,4,8,43.1,27.5,2223,42.9,2168,17,57.1,2693,
Stroman, Marcus,573186,2022,20.9,6.3,6,7,52,18.8,2425,61.7,2351,-6,26.4,2672,
Thielbar, Caleb,573204,2022,32.7,7.3,4,3,30.6,34,2298,49.4,2298,3.2,49.5,2412,
Minaya, Juan,573668,2022,24.4,11.1,1,0,53.8,26.9,2219,47.7,2219,-9.4,15.5,2162,
Kikuchi, Yusei,579328,2022,27.3,12.8,6,7,44.5,24,2270,55.9,2269,10.4,30.7,2353,
Adam, Jason,592094,2022,31.6,7.2,2,3,44.2,24.6,2654,32.1,2654,-6.9,35.8,2719,
Brice, Austin,592169,2022,18.5,11.1,0,0,52.6,15.8,2231,52.8,2146,-15,47.2,2748,
Gausman, Kevin,592332,2022,28.3,3.9,12,10,40.1,26.3,2265,48.8,2265,-10.5,14.5,2198,
Gonzalez, Chi Chi,592346,2022,15.2,7.1,0,1,40.3,32.5,2287,50.8,2240,-7.1,34,2539,
Gray, Jon,592351,2022,25.7,7.5,7,7,44.2,24.9,2015,50.5,2015,-11.4,40.2,2480,
Hembree, Heath,592390,2022,15.9,15.9,3,1,26,31.5,2320,52,2320,-8.7,48,2645,
Kahnle, Tommy,592454,2022,30.4,6.5,0,0,69.2,23.1,2139,23.6,2139,-4.9,,,
Kolarek, Adam,592473,2022,11.4,10.1,0,1,69.5,11.9,2174,68,2167,17.7,16.3,2050,
Ray, Robbie,592662,2022,27.4,8.0,12,12,38.9,28.9,2282,60.2,2250,9.7,39.1,2186,
Sampson, Adrian,592716,2022,17.1,6.3,4,5,41.4,29.8,2075,70.8,2074,-11.1,15.8,2616,
Sanchez, Aaron,592717,2022,15.5,5.7,3,4,54.9,21.6,2140,60.8,2134,-14.7,28.4,2632,
Shreve, Chasen,592741,2022,25.4,8.8,1,1,40,26.7,2338,44.5,2338,10.7,18.4,2272,
Smith, Caleb,592761,2022,21.5,12.9,1,3,31.5,39.6,2429,45.6,2429,10.9,32.2,2339,
Smyly, Drew,592767,2022,20.4,5.8,7,8,40.6,25.2,,56.7,2139,6.5,42.9,2119,
Stanek, Ryne,592773,2022,27.7,13.8,2,1,38.9,29,2307,58.4,2307,-10.2,18.5,2513,
Syndergaard, Noah,592789,2022,16.8,5.5,10,10,43.2,26.4,2136,46.6,2129,-11.5,33.3,2146,
Taillon, Jameson,592791,2022,20.7,4.4,14,5,41.4,26.7,2370,57.9,2387,-5.6,33.6,2634,
Thornburg, Tyler,592804,2022,16.1,12.6,0,1,32.8,34.4,2405,58,2405,-6.5,28.2,2532,
Velasquez, Vince,592826,2022,21.6,7.8,3,3,36.3,35,2417,52,2393,-6.2,39.3,2441,
Walker, Taijuan,592836,2022,20.3,6.9,12,5,46.1,23.2,2149,47.5,2144,-9.7,25,2341,
Weiss, Zack,592848,2022,32.1,12.5,0,1,36.7,30,2460,37.3,2433,-4.7,62.7,2535,
Wick, Rowan,592858,2022,23.5,9.9,4,7,44.6,22.6,2255,73.2,2251,-1.6,26.7,2515,
Williams, Trevor,592866,2022,22.6,6.2,3,5,36.8,28,2242,65.4,2180,-8.6,21.5,2252,
German, Domingo,593334,2022,19.5,6.4,2,5,40.6,24.4,2539,39.5,2519,-13,37.3,2617,
Montas, Frankie,593423,2022,23.4,7.1,5,12,45.8,21.4,2356,59.3,2320,-8.2,15.3,2410,
Neris, Hector,593576,2022,30.0,6.5,6,4,34.8,31.7,2448,62.5,2415,-12.7,6.6,1975,
Tapia, Domingo,593619,2022,13.3,15.6,0,0,49.2,25.4,2275,68.3,2203,-15.4,15.4,2353,
Alberto, Hanser,593643,2022,2.1,6.4,0,0,19,50,,,,,,,
Rodriguez, Eduardo,593958,2022,18.4,8.7,5,5,44.2,29.3,2173,79.8,2173,6.1,4,2172,
Peralta, Wandy,593974,2022,21.1,7.6,3,4,55.7,20.9,2218,41.8,2189,16.7,15.7,2241,
Gustave, Jandel,594311,2022,22.5,9.2,2,0,47.5,22.5,2489,63.5,2391,-15.5,36.5,2379,
Mayers, Mike,594577,2022,20.2,8.1,1,1,38.6,32.3,2295,55.1,2290,-9.2,37.4,2163,
Moll, Sam,594580,2022,24.6,11.8,2,1,50,17.2,,44.6,2523,13.2,55.4,3182,
deGrom, Jacob,594798,2022,42.7,3.3,5,4,40.3,29.5,2516,47.4,2516,-9.5,44.4,2593,
Gonzales, Marco,594835,2022,13.2,6.4,10,15,42.9,27.4,1986,56.1,2001,8.7,13.4,2114,
Eickhoff, Jerad,595191,2022,14.8,3.7,0,1,42.1,26.3,,,,,,,
Okert, Steven,595345,2022,28.5,11.8,5,5,38.4,28.8,2235,31.9,2235,10,68.1,2486,
Beede, Tyler,595881,2022,13.7,10.2,2,5,50,19.8,2081,46.8,2104,-13.3,26.8,2065,
Ellis, Chris,595939,2022,8.0,24.0,0,0,50,31.3,,,,,,,
Junis, Jakob,596001,2022,20.5,5.2,5,7,43.6,25.1,2210,33.6,2197,-12.2,50.4,2475,
Mengden, Daniel,596043,2022,25.0,3.1,0,1,34.8,21.7,2101,62.2,2173,0.2,18.5,2406,
Norris, Daniel,596057,2022,26.4,11.6,2,4,46.6,23.6,2351,42.2,2332,9,29.8,2617,
Peters, Dillon,596071,2022,15.8,10.3,5,2,42.6,23.8,2305,50.3,2243,9.4,25.6,2678,
Reed, Jake,596082,2022,16.9,10.4,2,0,39.6,30.2,2322,53.7,2153,-16.2,44,2457,
Stephenson, Robert,596112,2022,22.3,5.7,2,2,27.1,34.5,2389,47.8,2389,-11.4,51.6,2914,
Weaver, Luke,596133,2022,21.8,7.5,1,1,40.8,18.3,2372,61.4,2371,-8.7,12.6,2285,
Lawrence, Casey,596271,2022,13.9,5.1,0,1,41.3,33.3,2229,35,2210,-12.9,36.4,2484,
Gomber, Austin,596295,2022,18.0,6.4,5,7,43,28.6,2156,40.7,2156,6.3,41.7,2435,
Barnes, Matt,598264,2022,19.3,11.9,0,4,44.9,30.5,2249,45.9,2249,-10.9,46.9,2049,
Ramirez, Noe,598287,2022,23.7,12.1,5,4,40,30.4,2187,37.6,2187,-10.4,31.4,2524,
Leclerc, Jose,600917,2022,27.3,10.6,0,3,29.2,35.8,2639,42.6,2659,-2.7,35.4,2583,
Machado, Andres,600921,2022,17.6,10.0,2,0,43.3,26.2,2113,64.4,2074,-11.4,20,2010,
Pivetta, Nick,601713,2022,22.6,9.4,10,12,38.5,27.3,2310,51,2310,-5.1,46.7,2546,
Barlow, Scott,605130,2022,26.6,7.6,7,4,47.3,27.1,2394,24.3,2391,-3.9,75.7,2490,
Bassitt, Chris,605135,2022,22.4,6.6,15,9,49.7,23.9,2191,63.8,2172,-8.9,30.2,2331,
Bradley, Archie,605151,2022,19.2,9.0,0,1,58.9,21.4,2188,57,2136,-12.6,27.2,1968,
Brebbia, John,605154,2022,18.8,6.3,6,2,37.2,30.7,2309,46.2,2309,-10.1,53.8,2548,
Brooks, Aaron,605156,2022,16.3,4.7,0,0,39.4,36.4,2126,48.7,2046,-13.9,26.6,2476,
Bundy, Dylan,605164,2022,15.8,4.7,8,8,34.5,32.6,2352,46.7,2329,-5.7,34.6,2325,
Chafin, Andrew,605177,2022,27.6,7.8,2,3,52.6,22.1,2138,67.7,2120,12.8,31.9,2485,
Clevinger, Mike,605182,2022,18.8,7.2,7,7,36.1,35,2300,66.3,2325,-7,24,2417,
Cotton, Jharel,605194,2022,21.5,11.0,4,2,30,36.7,2263,44.7,2263,-8.3,15,2494,
Crick, Kyle,605195,2022,28.8,16.7,2,0,32.4,23.5,2321,42.7,2159,-12.9,57.3,3053,
Davies, Zach,605200,2022,17.9,9.1,2,5,43.7,29.2,,59.9,2090,-13.9,6.8,2571,
Edwards Jr., Carl,605218,2022,21.9,9.8,6,3,48.3,24.7,2522,67.9,2522,1.7,22.6,2120,
Fulmer, Michael,605242,2022,22.1,10.1,5,6,35.2,27.5,2301,28.5,2249,-9.1,65.5,2415,
Holmes, Clay,605280,2022,25.0,7.7,7,4,77,6.1,2266,80.2,2208,-16.8,19.8,2561,
Houser, Adrian,605288,2022,15.2,10.3,6,10,47.5,19.3,2214,65.4,2114,-14.4,25.1,2134,
Lopez, Jorge,605347,2022,24.2,10.4,4,7,58.5,17.6,2068,55,1997,-16.6,29.5,2420,
Musgrove, Joe,605397,2022,24.9,5.7,10,7,45.9,22.8,2559,50.2,2551,-3.1,43.5,2718,
Nola, Aaron,605400,2022,29.1,3.6,11,13,44.2,24.3,2308,58.7,2262,-12.8,26.5,2589,
Rodriguez, Dereck,605446,2022,11.8,11.8,0,1,53.8,38.5,,,,,,,
Romano, Jordan,605447,2022,28.3,8.1,5,4,44.7,28.9,2289,48.2,2290,-5.4,51.8,2082,
Scott, Tayler,605463,2022,22.0,10.2,0,1,47.5,17.5,2221,42,2227,-14.1,56.5,2769,
Snell, Blake,605483,2022,32.0,9.5,8,10,37.3,30.5,2434,55.5,2434,5.2,39.4,2354,
Springs, Jeffrey,605488,2022,26.2,5.6,9,5,41.2,26.1,2254,40.5,2255,11.4,24.8,2188,
Thompson, Zach,605507,2022,16.6,8.5,3,10,45.8,21.8,2386,70.6,2431,-1.8,20.9,2244,
Warren, Art,605521,2022,24.2,13.3,2,3,36.6,32.7,2250,41.7,2250,-5.7,58.3,2513,
Wendelken, J.B.,605525,2022,17.2,11.5,2,1,44.2,27.9,2442,60.2,2400,-6.2,23.6,2656,
Wisler, Matt,605538,2022,19.9,8.0,3,3,26.8,40.2,1953,8.5,1953,-10.1,91.5,2477,
Woodruff, Brandon,605540,2022,30.6,6.8,13,4,38.3,30.2,2350,59.9,2327,-8.8,23.8,2455,
Perdomo, Luis,606131,2022,12.5,3.1,3,0,61.3,16.3,,56.1,1986,-16.2,27.7,2332,
Gallegos, Giovanny,606149,2022,31.1,7.7,3,6,28.5,37.5,2386,47.9,2386,-7.5,47.2,2475,
Montero, Rafael,606160,2022,27.0,8.5,5,2,52.9,18,2335,68.4,2301,-11.6,12.2,2345,
Elias, Roenis,606273,2022,18.2,9.1,0,0,50,25,2254,43,2255,7.1,22.8,2321,
Payamps, Joel,606303,2022,17.0,6.6,3,6,54.4,17.6,2422,50.2,2352,-12,36.1,2718,
Garcia, Jarlin,606424,2022,20.7,6.7,1,4,40,31.3,2201,42.9,2201,14.8,28.3,2251,
Moronta, Reyes,606625,2022,23.6,11.2,2,2,34,31.1,2351,53.4,2351,-6.1,37,2491,
Barnes, Jacob,606930,2022,12.4,9.3,3,1,51.4,21.6,2406,90.3,2367,1.4,9.7,2170,
Devenski, Chris,606965,2022,17.9,1.5,2,1,41.5,30.2,2179,43.6,2179,-9,16.2,2177,
Rodon, Carlos,607074,2022,33.4,7.3,14,8,35.3,29.5,2349,61.2,2349,6,36.9,2448,
Weems, Jordan,607179,2022,24.7,7.2,0,1,35.4,36.3,2134,63.8,2134,-6.8,27,2229,
Glasnow, Tyler,607192,2022,38.5,7.7,0,0,35.7,35.7,2450,53.5,2450,-2,46.5,2705,
Fedde, Erick,607200,2022,16.4,10.1,6,13,42.8,24,,67.7,1977,-4.5,28.7,2389,
Krehbiel, Joey,607216,2022,18.4,7.4,5,5,42.1,27.5,2175,63.1,2305,-2.5,3.8,2478,
Gsellman, Robert,607229,2022,14.1,4.7,0,2,42.3,26.9,2039,56,1937,-17.3,32.4,2203,
Garrett, Amir,607237,2022,25.0,16.3,3,1,40,25.5,2227,43.5,2222,11.6,56.5,1848,
Martinez, Nick,607259,2022,21.2,9.2,4,4,48.1,24.7,2336,58.6,2352,-6.4,15.9,2605,
Patton, Spencer,607359,2022,17.2,10.3,0,0,52.6,21.1,1994,48.6,1994,-8.6,38.7,1896,
Mazza, Chris,607391,2022,14.3,17.1,1,0,40.9,31.8,2053,63,2057,-5.9,31.9,2300,
Banda, Anthony,607455,2022,22.2,9.6,1,1,33.3,24.4,2126,52.6,2095,13.5,10,1996,
Barraclough, Kyle,607457,2022,24.3,10.8,0,1,25,37.5,2407,54.7,2406,-6,45.3,2403,
Bummer, Aaron,607481,2022,25.6,8.5,2,1,64,9.3,,72.2,2099,12,27.1,2488,
Freeland, Kyle,607536,2022,17.1,6.9,9,11,43.1,26.9,2389,45.3,2374,9.3,40.7,2407,
Lugo, Seth,607625,2022,25.4,6.6,3,2,46.2,27.5,2243,50.8,2275,-11.4,47.5,3022,
Means, John,607644,2022,20.6,5.9,0,0,36,20,2386,42.2,2386,8.1,26.7,2233,
Vasquez, Andrew,607755,2022,25.6,10.3,0,0,50,18.2,,28.8,2207,15.5,71.2,2564,
Estevez, Carlos,608032,2022,23.0,9.8,4,4,36.3,28.7,2241,70.6,2241,-10,14.9,2280,
De Jong, Chase,608328,2022,20.1,10.2,6,3,33.3,34.3,2412,46.8,2412,-1.2,52.1,2485,
Fried, Max,608331,2022,23.2,4.4,14,7,51.2,21.6,2137,45.8,2108,4.4,40.2,2583,
Giolito, Lucas,608337,2022,25.4,8.7,11,9,39,28.7,2172,47.7,2172,-5.4,26.8,2006,
Irvin, Cole,608344,2022,17.3,4.9,9,13,37.5,30,1975,60.9,1965,11.2,20.8,2073,
Knebel, Corey,608349,2022,21.1,14.4,3,5,39,27.6,2369,69.8,2369,-3.8,30.2,2803,
Sims, Lucas,608371,2022,16.1,19.4,1,0,52.6,21.1,2491,42.6,2491,-9.4,57.4,2835,
Wacha, Michael,608379,2022,20.2,6.0,11,2,41.2,22.3,2122,62.8,2089,-5.6,7.4,2173,
Marquez, German,608566,2022,19.3,8.1,9,13,48.6,24.7,2138,54,2126,-11.3,42.9,2486,
Chargois, JT,608638,2022,19.8,5.8,2,0,59.7,21,2260,61.7,2230,-18.6,38.3,2550,
Duffey, Tyler,608648,2022,21.1,8.1,2,4,45.4,20.8,2276,52.4,2311,-7.1,43,2463,
Farrell, Luke,608652,2022,20.0,10.0,0,0,30.6,28.6,2327,48.4,2327,-3.7,48.8,2531,
Graveman, Kendall,608665,2022,23.2,9.1,3,4,54.2,18.4,2373,54.9,2260,-14.1,31.4,2494,
Leone, Dominic,608678,2022,23.4,10.8,4,5,40.4,26.7,2323,64.3,2357,-2.1,35.7,2453,
Steckenrider, Drew,608716,2022,14.7,7.4,0,2,32.1,22.6,2300,65,2300,-8.2,11.5,2092,
Stratton, Chris,608717,2022,21.5,9.0,10,4,44.3,24.5,2631,44.9,2626,-4,48.1,3061,
Suter, Brent,608718,2022,19.5,8.1,5,3,45.4,25.8,2147,70.7,2142,-2.6,4.3,2305,
Voth, Austin,608723,2022,20.4,7.0,5,4,34.4,28.7,2357,62.9,2386,-3.8,36.3,2944,
Castro, Miguel,612434,2022,23.7,11.5,5,0,47.5,21.3,,36.5,2128,-17.4,44.5,2821,
Ruiz, Jose,614179,2022,25.7,12.5,1,0,42.7,28,2354,47.9,2353,-7.1,29.4,2283,
Quantrill, Cal,615698,2022,16.6,6.1,15,5,42.4,25.5,2165,83.9,2164,-5.6,4.2,2449,
Sawamura, Hirokazu,617228,2022,18.1,12.2,1,1,50.6,18.2,2112,48.8,2112,-8.8,13.7,2298,
Cuas, Jose,621016,2022,18.9,13.3,4,2,50,16.4,,62,2460,-16.9,36.8,2669,
Wilson, Steven,621051,2022,24.8,9.3,4,2,23.9,34.8,2366,52.2,2366,-8,42.2,2673,
Rucker, Michael,621074,2022,21.8,8.7,3,1,44.7,28.9,2270,44.1,2270,-7.5,47.4,2483,
Kaprielian, James,621076,2022,17.0,10.2,5,9,38.3,30.8,2006,54.4,1998,-8.4,35.6,2360,
Wiles, Collin,621079,2022,22.0,4.9,0,0,55.2,13.8,2073,74.7,2153,-3,22.1,2420,
Lemoine, Jake,621082,2022,17.6,9.5,0,0,40.7,40.7,2108,67.8,2076,-15.9,24.8,2242,
Eflin, Zach,621107,2022,20.8,4.8,3,5,45.6,28.1,2176,70.2,2098,-12.1,23.7,2343,
Buehler, Walker,621111,2022,21.2,6.2,6,3,48.2,20.3,2267,63.7,2316,-2.4,28.5,2666,
Blackburn, Paul,621112,2022,19.1,6.4,7,6,47.5,23.6,2135,65.1,2169,-5.9,22.2,2597,
Burr, Ryan,621114,2022,17.9,10.3,1,1,50,25,2032,94,2184,0.6,6,2604,
McCullers Jr., Lance,621121,2022,25.6,11.3,4,2,50.4,24.4,,32.3,2216,-9.2,50.3,2934,
Mills, Alec,621219,2022,13.1,3.6,0,1,34.3,29.9,2193,59.9,2185,-13.5,21.5,2467,
Alvarado, Jose,621237,2022,37.9,11.2,4,2,57.4,16.7,2149,98.8,2143,6.3,1.2,2465,
Diaz, Edwin,621242,2022,50.2,7.7,3,1,47.4,24.7,2352,41.9,2352,-13.5,58.1,2274,
Berrios, Jose,621244,2022,19.8,6.0,12,7,40.7,27.1,2241,53.7,2180,-13.5,30.9,2285,
Garza Jr., Ralph,621248,2022,11.1,10.5,2,2,43.2,18.6,2248,55.8,2197,-11.6,25.3,2379,
Underwood Jr., Duane,621249,2022,22.0,9.7,1,6,50.6,19.2,2254,64.8,2122,-6.9,13.3,2403,
Wittgren, Nick,621295,2022,12.7,7.5,1,0,43.7,24.3,2037,66.1,2108,-6.8,10.8,2324,
Minter, A.J.,621345,2022,34.7,5.5,5,4,39.6,27,2425,81.9,2495,1.9,,,
Clay, Sam,621348,2022,17.2,13.8,0,0,87.5,6.3,,71,2019,14.9,19,2583,
Poche, Colin,621363,2022,26.1,9.0,4,2,32.3,26.6,2230,77.5,2230,0.9,22.5,2558,
Borucki, Ryan,621366,2022,18.9,9.9,2,0,50.6,28.6,,50.4,2190,18.2,38.6,2357,
Hearn, Taylor,621368,2022,21.6,9.6,6,8,38.6,25.8,2321,64.4,2292,9.1,26.9,2125,
Strahm, Matt,621381,2022,26.9,8.8,4,4,38.7,27.7,2298,52.9,2289,14.6,38,2516,
Banks, Tanner,621383,2022,22.6,8.3,2,0,46.3,22.1,2270,44.9,2270,1.9,35.1,2316,
Blach, Ty,621389,2022,15.0,5.7,1,0,43,31.1,,71.8,2226,10.9,8.6,2387,
Castro, Anthony,621593,2022,18.5,15.4,0,0,51.2,20.9,2414,49.2,2392,-5.4,48.5,2593,
Young, Alex,622065,2022,18.1,9.5,1,1,54.2,18.1,2283,30.3,2322,12.9,36.4,2296,
Wood, Alex,622072,2022,23.6,5.4,8,12,49.2,22.8,,45.5,2041,15.6,36,2067,
Almonte, Yency,622075,2022,24.4,7.4,0,0,50,20.5,2163,45.5,2140,-15.5,47.9,2464,
Smith, Drew,622098,2022,28.3,8.0,3,3,34.5,35.3,2503,52.6,2503,-7,41.9,2811,
Sborz, Josh,622250,2022,32.0,11.0,1,0,29.8,33.3,2337,51.8,2337,-6.2,48.2,2178,
Staumont, Josh,622251,2022,24.4,16.5,3,3,29.1,31.1,2258,65.1,2244,-4.1,34.9,2690,
Tate, Dillon,622253,2022,20.5,5.5,4,4,58.9,19.1,1901,51.3,1969,-17.1,25,2437,
Castillo, Luis,622491,2022,27.2,7.3,8,6,48,20.8,2354,56.7,2274,-14.1,21.1,2422,
Crismatt, Nabil,622503,2022,23.2,7.9,5,2,50.3,18.8,2154,29.1,2144,-9.1,20.8,2224,
Dominguez, Seranthony,622554,2022,29.5,10.6,6,5,47.2,24.4,2357,70.6,2338,-8.7,24.7,2441,
Senzatela, Antonio,622608,2022,13.1,5.6,3,7,50.8,16.5,2132,59,2129,-4,33.5,2121,
Severino, Luis,622663,2022,27.7,7.4,7,3,45.2,25.9,2257,56.5,2277,-6.1,21.1,2678,
Hernandez, Elieser,622694,2022,21.6,7.9,3,6,28.6,35.4,2094,50.4,2092,-7.4,36.1,2103,
Tinoco, Jesus,622786,2022,21.4,11.9,0,0,36.4,34.5,2315,48,2347,-15.4,51.1,2378,
Sewald, Paul,623149,2022,29.8,7.0,5,4,32.2,32.2,2494,51.4,2494,-11.9,48.6,2422,
Flexen, Chris,623167,2022,16.1,8.6,8,9,35.1,32.6,2132,72,2233,1.7,11.9,2573,
Brazoban, Huascar,623211,2022,28.4,14.9,1,1,50,29.5,2231,74.8,2309,-5.9,,,
Hader, Josh,623352,2022,37.0,9.6,2,5,31,31.9,,69.5,2008,8.5,28.3,2460,
Topa, Justin,623437,2022,11.4,11.4,0,0,74.1,11.1,,68.8,2160,-17.5,27.2,2668,
Stephens, Jackson,623451,2022,20.0,9.8,3,3,47.5,16,2062,58.1,2003,-9.4,32.3,2918,
Phillips, Evan,623465,2022,33.0,6.4,7,3,46.4,20.3,2316,55.8,2313,-4,44.2,2535,
Herget, Jimmy,623474,2022,23.7,5.6,2,1,42.7,23.2,2236,31.5,2249,-17.7,61,2663,
Goudeau, Ashton,623485,2022,17.0,10.6,1,0,36.8,30.9,2066,54.9,2066,-6.5,28,2301,
Suarez, Ranger,624133,2022,19.5,8.8,10,7,56,18.4,1894,67,1918,11.3,11.6,2190,
Gordon, Nick,624503,2022,0.0,16.0,0,0,14.3,38.1,,,,,,,
Thompson, Keegan,624522,2022,22.3,8.9,10,5,40.9,28.3,2370,73.4,2420,-2.2,21.8,2608,
Lopez, Reynaldo,625643,2022,24.8,4.3,6,4,41,23.6,2249,55,2249,-7.2,40.2,2313,
Iglesias, Raisel,628452,2022,31.7,5.7,2,6,35.8,33.1,2319,49.9,2319,-12.5,26,2561,
Marte, Yunior,628708,2022,20.6,10.3,1,1,50,20.4,2412,61.9,2363,-15.4,38,2601,
Urias, Julio,628711,2022,24.1,6.0,17,7,40,28.5,2521,49.2,2521,3,33.3,2914,
Chirinos, Yonny,630023,2022,20.0,3.3,1,0,77.3,13.6,2240,59,2119,-17.5,24,2331,
Crowe, Wil,640444,2022,20.5,11.4,6,10,51.1,22.9,2478,37.6,2358,-8,34.3,2751,
Finnegan, Kyle,640448,2022,26.1,8.2,6,4,48.9,21,,78.8,2069,-11.6,12.2,2145,
Harvey, Hunter,640451,2022,28.7,7.6,2,1,39,34,2029,77.9,2029,-9.1,7.1,2019,
Manaea, Sean,640455,2022,23.2,7.5,8,9,38.7,30.7,,60.9,2005,13.2,14.6,2028,
Puk, A.J.,640462,2022,27.0,8.2,4,3,45,22.2,2285,61.8,2258,13.7,38.2,2230,
Alzolay, Adbert,640470,2022,36.5,3.8,2,1,40,23.3,2378,61.7,2377,-6.3,32.6,2591,
Lopez, Pablo,641154,2022,23.6,7.2,10,10,47.1,23.8,2197,56.6,2173,-4.8,8.1,2495,
Alexander, Tyler,641302,2022,14.3,5.9,4,11,37.4,27.9,2275,70.6,2264,5.1,10.9,2339,
Baker, Bryan,641329,2022,26.1,8.9,4,3,42.5,21.5,2335,82.6,2359,0.7,,,
Bickford, Phil,641360,2022,27.1,5.7,2,1,38.4,30.5,2361,68.1,2361,-4.8,31.9,2293,
Brentz, Jake,641394,2022,23.7,26.3,0,3,38.9,16.7,2236,61.9,2227,9.6,33.1,2233,
Brogdon, Connor,641401,2022,26.6,5.9,2,2,34.9,27,2294,56.8,2330,-4.7,,,
Castano, Daniel,641447,2022,12.8,5.8,1,3,48.8,20.8,2241,59.1,2335,1.9,28.1,2437,
Cortes Jr., Nestor,641482,2022,26.5,6.2,12,4,34.2,31.1,2270,76.7,2309,0.9,18.9,2519,
Danish, Tyler,641501,2022,18.5,6.9,3,1,48.8,22.4,1881,44,1816,-16.9,41.3,2409,
Dunning, Dane,641540,2022,20.4,9.2,4,8,52.8,21.3,2051,52,2039,-11.8,27.9,2081,
Foster, Matt,641582,2022,21.8,8.8,1,2,32.1,26.1,2243,52.6,2243,-5.7,37.6,2271,
Gott, Trevor,641627,2022,23.7,6.5,3,4,44.9,27.6,2201,88.6,2182,-7,10.4,2073,
Hatch, Thomas,641672,2022,15.4,7.7,0,1,52.6,21.1,,,,,,,
Hendrix, Ryan,641682,2022,23.7,15.8,0,0,52.4,19,2144,48.3,2119,-11.6,44.1,2377,
Hudson, Dakota,641712,2022,13.1,10.2,8,7,54.2,19.2,2162,55.6,2096,-9.5,40.3,2386,
Jefferies, Daulton,641726,2022,16.3,4.7,1,7,47,26.9,2119,66.4,2099,-11.4,13.6,2368,
Jimenez, Joe,641729,2022,33.3,5.6,3,2,33.3,31.2,2461,63.7,2461,-10.4,30.8,2226,
Keller, Brad,641745,2022,16.5,9.2,6,14,52.4,22.1,2409,58.9,2320,-2.7,36.1,2544,
Kinley, Tyler,641755,2022,27.0,6.0,1,1,39.4,24.2,2244,47.3,2245,-3.8,52.1,2424,
Kuhl, Chad,641771,2022,17.8,9.4,6,11,37.4,26.4,2218,44.7,2134,-14.1,48.1,2619,
Lauer, Eric,641778,2022,23.8,8.9,11,7,34.9,31.9,2290,63.3,2283,6.9,33.6,2339,
Littell, Zack,641793,2022,20.5,6.8,3,3,43.1,30.7,2132,50.7,2132,-6.2,37.1,2220,
Mahle, Tyler,641816,2022,25.0,8.5,6,8,36.4,34.6,2294,64.5,2314,-7.8,11.4,2496,
Mayza, Tim,641835,2022,22.8,6.2,8,1,58.8,14,2156,82.6,2032,17.1,17.4,2200,
McKay, David,641853,2022,9.4,12.5,0,0,44,40,,63.7,2020,-12.2,36.3,2691,
Middleton, Keynan,641871,2022,21.7,4.3,1,2,28,32,2363,50.6,2363,-7.5,32.4,2371,
Murphy, Patrick,641907,2022,11.8,23.5,0,0,59.1,27.3,2195,69,2197,-9,31,2173,
Ober, Bailey,641927,2022,22.5,4.8,2,3,29.4,31.9,2301,49.1,2301,-8.5,35.4,2197,
Pagan, Emilio,641941,2022,30.7,9.5,4,6,40.5,29.4,2517,70.9,2475,-2.4,4.4,2564,
Rogers, Josh,642028,2022,10.6,9.7,2,2,36.7,33.3,2100,54.9,2104,12.9,35.1,2208,
Speier, Gabe,642100,2022,18.2,6.5,0,1,46.6,25.9,2166,55.7,2040,13.9,40.9,2091,
Sulser, Cole,642121,2022,25.5,10.7,1,4,43.2,24.2,2235,49.6,2235,-7.6,11.6,2285,
Taylor, Blake,642130,2022,12.0,13.3,1,1,45.5,23.6,2347,74.1,2347,-2,25.9,2246,
Trivino, Lou,642152,2022,26.8,9.6,2,8,52.3,15.5,1992,63.2,2077,-10.8,26.1,2525,
VanMeter, Josh,642165,2022,0.0,7.4,0,0,36,32,,,,,,,
Widener, Taylor,642203,2022,17.1,6.1,0,1,31.7,31.7,2206,68.4,2203,-7.2,21.3,2267,
Williams, Devin,642207,2022,40.0,12.5,6,4,50.5,21.6,2268,41.9,2280,-10.6,,,
Yacabonis, Jimmy,642231,2022,28.8,13.7,1,1,25,27.5,,59.2,2239,-17.7,37.3,2788,
Yarbrough, Ryan,642232,2022,17.2,6.2,3,8,39.1,27.6,,49.1,1984,4.3,27,2168,
Soto, Gregory,642397,2022,22.8,12.9,2,11,48.8,22.2,2370,77.4,2371,14.5,21.6,2385,
Loaisiga, Jonathan,642528,2022,18.2,9.4,2,3,59.9,14.3,2428,64.8,2320,-16,20.2,2624,
Barria, Jaime,642545,2022,17.1,6.0,3,3,42.1,31.3,2272,39.3,2215,-8.4,47,2191,
Hernandez, Jonathan,642546,2022,20.6,13.0,2,3,61.6,15.1,2163,43.2,2237,-18.7,36.2,2520,
Peralta, Freddy,642547,2022,27.1,8.5,4,4,39.8,26.9,2352,54.9,2352,-8.8,34.7,2098,
Bautista, Felix,642585,2022,34.8,9.1,4,4,43.3,23.4,2341,61.3,2341,-7.3,12.3,2458,
Santana, Dennis,642701,2022,21.2,11.0,3,8,48.5,18.3,2510,46.2,2436,-16.9,40.5,2675,
Acevedo, Domingo,642758,2022,21.8,6.4,4,4,42,27.1,2118,43.3,2119,-13.7,34.6,2123,
Guerra, Javy,642770,2022,12.2,13.4,2,1,40,26.7,2366,70.6,2185,-16.6,29.4,2366,
Brault, Steven,643230,2022,20.5,12.8,0,0,44,36,2190,64.3,2063,12.8,31.2,2163,
Cimber, Adam,643256,2022,19.8,4.4,10,6,43.9,20.6,2172,64.7,2157,-11.5,35.3,2473,
Dunn, Justin,643290,2022,15.2,12.3,1,3,30.9,36.1,2228,49.6,2228,-8.2,45.4,2362,
Fry, Paul,643316,2022,23.0,14.8,0,0,62.9,8.6,2320,33.2,2320,4.6,50,2711,
Green, Chad,643338,2022,25.8,8.1,1,1,25,35,2410,63.5,2409,-4.6,35.3,2474,
Herget, Kevin,643361,2022,13.3,0.0,0,1,34.6,34.6,2142,62.2,2159,-2.8,0.9,2330,
Jax, Griffin,643377,2022,26.9,6.9,7,4,46,24.9,2391,33.7,2391,-8.6,52.6,2835,
Knight, Dusten,643400,2022,18.4,8.2,0,1,47.2,27.8,2198,52.6,2231,2.7,9.9,2217,
Leiter Jr., Mark,643410,2022,25.9,8.9,2,7,49.2,22,1948,55.6,1965,-6.9,21.8,2252,
Pruitt, Austin,643493,2022,17.0,4.0,0,1,46,31.3,2264,34.5,2264,-3.2,60.1,2671,
Rogers, Tyler,643511,2022,15.4,7.2,3,4,56.4,17.4,1935,53.9,1933,-1.8,46.1,2300,
Zeuch, T.J.,643615,2022,7.8,10.9,0,3,49,22.4,2172,59.6,2121,-11.4,27.6,2042,
Arano, Victor,644364,2022,23.5,6.4,1,1,52.8,21.3,2269,53.1,2149,-15.4,46.9,2511,
Severino, Anderson,644429,2022,26.5,11.8,0,0,57.9,15.8,1950,64.7,1963,8.1,24.8,2444,
Alcantara, Sandy,645261,2022,23.4,5.6,14,9,54.2,19.8,2200,50,2246,-14.8,22.3,2355,
Diaz, Jhonathan,646242,2022,16.7,15.2,1,1,51.1,22.2,2145,50,2139,14,33.9,2727,
Pop, Zach,647315,2022,15.9,2.5,4,0,57.1,15.9,,76.9,2069,-17,22.9,2406,
Ruiz, Norge,650204,2022,19.1,7.4,0,1,40.3,26.9,2250,44,2250,-1.9,38,2584,
Hernandez, Darwinzon,650382,2022,20.9,18.6,0,1,33.3,33.3,2358,61,2358,3.3,39,2653,
Garcia, Bryan,650530,2022,20.2,11.9,2,0,42.6,27.8,,49.2,2113,-11.9,23.7,2187,
Abreu, Bryan,650556,2022,35.5,10.5,4,0,47.7,17.7,2312,45.4,2313,-6.3,54.3,2799,
King, Michael,650633,2022,33.2,8.0,6,3,48.7,17.9,2433,59.9,2397,-13.2,30.5,2785,
Civale, Aaron,650644,2022,24.1,5.4,5,6,41.8,28.2,2354,65.5,2476,-0.9,30.9,2953,
Quijada, Jose,650671,2022,30.8,12.4,0,5,33,36.2,2206,84.9,2206,6,4.2,2525,
Cabrera, Genesis,650893,2022,16.5,10.3,4,2,44.9,20.3,2232,51.8,2223,9.9,30.6,2394,
Castillo, Diego,650895,2022,23.9,9.9,7,3,46.2,26.2,1968,36.7,1993,-16.5,63.3,2260,
Sanchez, Cristopher,650911,2022,19.8,9.6,2,2,54.5,20.7,,61,2061,17.8,18.9,1912,
Diplan, Marcos,650959,2022,29.6,18.5,0,0,42.9,14.3,2272,51.6,2272,-0.5,36.1,2578,
Rodriguez, Manuel,655889,2022,14.0,15.8,2,0,52.5,15,2311,64,2166,-11,34.5,2317,
Abreu, Albert,656061,2022,22.1,12.8,2,2,53.2,18.3,2164,60.7,2193,-13.9,29.3,2265,
Beeks, Jalen,656222,2022,28.0,8.8,2,3,46.2,23.1,2122,49.4,2125,4.9,1.3,2258,
Bielak, Brandon,656232,2022,22.2,7.4,0,0,51.4,37.1,2421,59.3,2338,-11,28.3,2340,
Bird, Jake,656234,2022,19.9,10.9,2,4,55.6,21.8,,82.8,2074,-7.5,15.2,2832,
Brigham, Jeff,656257,2022,27.7,9.9,0,1,22.2,36.5,2276,42.5,2276,-11.7,57.5,2831,
Burke, Brock,656271,2022,27.4,7.3,7,5,39.6,28.8,2280,66.8,2267,10.6,19.9,2158,
Carlton, Drew,656290,2022,21.9,0.0,0,0,48,40,2028,62.5,1959,-14.4,20,2258,
Cease, Dylan,656302,2022,30.4,10.4,14,8,39.4,30.3,2507,40.7,2507,-3.1,56.8,2800,
Coonrod, Sam,656322,2022,20.7,12.1,0,0,36.1,27.8,2231,65.3,2133,-13,24.2,2383,
Davidson, Tucker,656353,2022,13.6,14.4,2,7,44.8,24.4,2019,43,2015,3.7,52.5,2310,
Davis, Austin,656354,2022,24.2,12.5,2,1,34.6,29.6,2254,45.6,2247,10.6,38.4,2376,
Faedo, Alex,656412,2022,18.0,10.2,1,5,31.6,31.6,2180,51.8,2180,-11,35,2486,
Feyereisen, J.P.,656420,2022,29.1,5.8,4,0,33.9,41.1,2345,44.5,2345,-3.9,29.1,2715,
Flaherty, Jack,656427,2022,19.8,13.2,2,1,44.9,23.4,2279,57.6,2252,-3.9,41.7,2419,
Gilbert, Tyler,656457,2022,13.7,6.8,0,3,33.3,37.7,2098,75.7,2136,4.4,11.3,2497,
Gilbreath, Lucas,656458,2022,26.2,13.9,2,0,46.3,18.5,2371,73.2,2371,0.6,25.6,2392,
Ginkel, Kevin,656464,2022,24.2,8.9,1,1,50,22,2352,62,2352,-11.2,37.8,2169,
Griffin, Foster,656492,2022,12.5,15.6,0,0,50,9.1,2065,69.4,2159,-1.5,17.1,2203,
Hentges, Sam,656529,2022,29.4,7.8,3,2,62.9,15.2,2219,62.9,2192,10.8,37.1,2429,
Hoffman, Jeff,656546,2022,22.8,11.7,2,0,28.6,39.7,2457,52,2457,-10.7,23.7,2691,
Houck, Tanner,656557,2022,22.7,8.9,5,4,52.1,19.6,2137,53.2,2087,-13.8,40.8,2556,
Jackson, Andre,656578,2022,21.4,9.5,0,0,51.7,31,2192,36.5,2192,-9.7,9.6,2087,
Keller, Mitch,656605,2022,20.1,8.7,5,12,49.9,19.3,2422,55.5,2400,-10.3,38,2605,
Kopech, Michael,656629,2022,21.3,11.5,5,9,35.9,35.3,2529,61.8,2529,-9.9,37,2391,
Lange, Alex,656638,2022,30.3,11.4,7,4,55.6,20.9,2247,31.7,2224,-15.1,48.8,2186,
Logue, Zach,656657,2022,16.3,7.8,3,8,31.1,35.8,2011,70.6,2080,7.4,15.8,2425,
Martin, Brett,656685,2022,18.9,8.5,1,7,49.4,20.8,2149,45.3,2189,12.4,54.7,2236,
Martin, Corbin,656686,2022,20.8,11.9,0,1,29.4,29.4,2304,54.8,2304,-6.3,28.7,2389,
Megill, Trevor,656730,2022,25.0,8.7,4,3,44.2,22.5,2445,55.4,2446,-4.3,44.6,2755,
Megill, Tylor,656731,2022,25.5,6.5,4,2,42.2,28.1,2172,58.8,2174,-6.9,22.9,2303,
Montgomery, Jordan,656756,2022,21.8,5.0,9,6,47.9,22.2,2305,55.6,2252,13.2,22.2,2263,
Mushinski, Parker,656786,2022,26.7,10.0,0,0,50,27.8,2382,48.6,2485,-4.5,49.5,2625,
Nelson, Nick,656793,2022,22.5,11.8,3,2,39.1,25.4,1969,42.9,1969,-6.6,27.7,2260,
Newcomb, Sean,656794,2022,20.9,14.2,2,1,34.5,28.7,2350,88.4,2458,2.4,10.5,2808,
Norwood, James,656803,2022,25.9,10.6,1,0,31.5,29.6,2145,49.7,2146,-12.1,9.5,2031,
Ortiz, Luis,656814,2022,18.2,9.1,0,0,41.7,25,2085,49.2,2071,-13.2,40.7,2486,
Overton, Connor,656818,2022,11.3,8.9,1,0,42.4,23.2,2228,49,2173,-13.3,32.2,2425,
Peterson, David,656849,2022,27.8,10.6,7,5,49.8,17.9,2083,49.6,2085,10.8,34.1,2322,
Rasmussen, Drew,656876,2022,21.4,5.3,11,7,47.5,23.4,2396,72.2,2495,-1.1,27.8,2505,
Reid-Foley, Sean,656887,2022,18.2,15.9,0,0,42.9,32.1,2259,46.9,2259,-8.3,34.2,2224,
Scott, Tanner,656945,2022,31.1,15.9,4,5,46.3,17.4,2560,37.9,2560,5.3,62.1,2735,
Sheffield, Justus,656954,2022,13.7,11.8,1,0,59.5,21.6,1971,46.9,1976,12.6,35.2,2480,
Smeltzer, Devin,656970,2022,13.9,6.6,5,2,39.2,30.4,2278,49.7,2253,8.5,24.6,2550,
Sousa, Bennett,656986,2022,12.5,10.4,3,0,47.9,24.7,2055,42.5,2055,6.8,57.5,2141,
Steele, Justin,657006,2022,24.6,9.8,4,7,51.8,20.5,2489,64.5,2480,-0.3,33.7,2676,
Swanson, Erik,657024,2022,34.0,4.9,3,2,34.4,25.6,2291,54.8,2291,-10,19.8,2311,
Thompson, Ryan,657044,2022,21.5,6.1,3,3,51.2,20.9,2152,59.2,2019,-15.2,39.3,2147,
Toussaint, Touki,657053,2022,24.1,17.6,1,1,55.9,16.9,2243,46.9,2212,-14.4,32.9,2410,
Watkins, Spenser,657093,2022,13.7,6.5,5,6,42.5,24.9,2259,68.1,2336,1.4,27.4,2583,
Wright, Kyle,657140,2022,23.6,7.2,21,5,55.5,18.4,2385,43.3,2316,-14.3,41.2,2666,
Merryweather, Julian,657240,2022,19.3,5.9,0,3,49.4,21.8,2286,51.6,2286,-6.5,38.8,2347,
Otto Jr., Glenn,657248,2022,18.2,10.6,7,10,43.6,24,2265,49.4,2249,-9.3,42.5,2545,
Strzelecki, Peter,657265,2022,27.0,10.1,2,1,33.7,32.6,2416,53.2,2416,-11.5,33.2,2974,
Uelmen, Erich,657272,2022,17.2,9.8,2,1,48.2,19.3,2149,62,2082,-12.2,29.2,2419,
Webb, Logan,657277,2022,20.7,6.2,15,9,57.8,15.2,2069,36.2,1898,-14.3,32.7,2628,
Schmidt, Clarke,657376,2022,23.7,9.7,5,5,43.9,26.5,2523,39,2455,-10.4,56.1,2875,
Gage, Matt,657424,2022,24.0,12.0,0,1,51.6,25.8,2135,94.1,2164,-2.1,5.3,2126,
Baumann, Mike,657508,2022,15.4,6.0,1,3,50.4,20.9,2196,48.1,2196,-5.6,47.4,2276,
Ferguson, Caleb,657571,2022,26.1,12.0,1,0,41.9,23.3,2319,66.9,2319,6.2,33.1,3084,
Garrett, Reed,657585,2022,12.2,16.3,0,1,50,26.5,2280,91.8,2279,-6.1,,,
Hill, Tim,657612,2022,12.6,7.0,3,0,59,14.1,2211,90.9,2108,15.8,9.1,2008,
Koenig, Jared,657649,2022,12.4,8.5,1,3,49.6,21.5,2152,64.9,2138,6.8,22.1,2210,
Ryan, Joe,657746,2022,25.0,7.8,13,8,29.3,32.8,2194,60.1,2194,-10.7,27.8,2211,
Seabold, Connor,657756,2022,19.4,8.2,0,4,29.4,25,2113,53.2,2113,-11.7,26.2,2417,
Stout, Eric,657770,2022,22.7,14.5,0,0,34.8,34.8,2256,34.9,2256,9.3,52.9,2476,
Medina, Adonis,658431,2022,15.5,5.5,1,0,51.9,13.6,2353,47.8,2311,-11.8,35.5,2420,
Fernandez, Junior,658551,2022,16.7,14.3,0,0,62.5,16.1,2194,54.7,2090,-13.8,35.1,2120,
Espinoza, Anderson,659262,2022,22.4,18.8,0,2,43.5,26.1,1904,77.1,1904,-9.2,21.6,2148,
Lamet, Dinelson,659275,2022,30.2,12.8,1,2,35.8,30.9,2404,46,2403,-6.2,54,2410,
Ohtani, Shohei,660271,2022,33.2,6.7,15,9,41.9,26.6,2217,40.3,2239,-3,47.7,2490,
Reyes, Denyi,660593,2022,9.7,3.2,0,0,40.7,29.6,2122,43.6,2122,-7.1,41,2178,
Ynoa, Huascar,660623,2022,21.6,16.2,0,2,52.2,30.4,2007,53.1,2007,-9.2,36.1,2449,
Rodriguez, Elvin,660730,2022,17.5,10.5,0,4,36.3,32.4,2414,53.9,2413,-9,33.1,2455,
Suarez, Jose,660761,2022,22.3,7.1,8,8,41.3,28,2214,42.6,2177,10.6,33,2625,
De Los Santos, Yerry,660787,2022,23.2,9.8,0,3,53.4,23.3,2226,60.1,2197,-16.2,39.9,2185,
Graterol, Brusdar,660813,2022,21.8,5.1,2,4,63.8,17,2106,80.7,2149,-9.8,19.3,2529,
Bazardo, Eduard,660825,2022,16.9,6.2,1,0,39.6,29.2,2070,45.8,2080,-10.4,44.5,2577,
De Los Santos, Enyel,660853,2022,28.4,7.9,5,0,41.5,22.2,2251,60.5,2251,-11.8,28.4,2143,
Perez, Francisco,660906,2022,14.6,18.8,0,0,43.8,31.3,2066,62.9,2066,6.9,35.1,2436,
Lopez, Yoan,661255,2022,19.6,9.8,1,0,40,22.9,2156,45.6,2156,-5,48.2,2439,
Gutierrez, Vladimir,661269,2022,16.2,13.4,1,6,33.3,31.7,2140,49.7,2140,-12,34.9,2514,
Martinez, Adrian,661309,2022,20.5,7.3,4,6,41.3,26.1,,50.3,2157,-17.3,22.1,1936,
Ortega, Oliver,661383,2022,22.3,12.2,1,3,51,16.7,2294,60.7,2294,-2.6,39.3,2325,
Duran, Jhoan,661395,2022,33.5,6.0,2,4,61.1,16.6,2171,49.7,2171,-11.7,34.4,2630,
Clase, Emmanuel,661403,2022,28.4,3.7,3,4,64.5,13.1,2565,61.9,2650,3,38.1,2653,
Llovera, Mauricio,661440,2022,27.8,11.1,0,0,47.7,20.5,2139,44.4,2111,-16,55.6,2396,
Martinez, Seth,661527,2022,24.5,9.0,1,1,41.2,21.6,2192,57.3,2193,-10.9,30.2,2467,
Munoz, Andres,662253,2022,38.7,6.0,2,5,52.6,24.1,2290,35.4,2290,-12.1,64.6,2226,
Suarez, Robert,663158,2022,31.9,11.0,5,1,43.8,25.7,2304,74.5,2276,-8.3,4.5,2153,
Feltner, Ryan,663372,2022,19.6,8.2,4,9,41.6,27.4,2346,55.5,2331,-8.6,38.4,2498,
Szapucki, Thomas,663378,2022,26.9,10.4,0,1,28.6,35.7,2148,60.8,2148,8.6,34.7,2635,
Smith, Chad,663385,2022,27.1,17.6,0,1,55.6,26.7,,66.2,2265,-15.4,31.8,2265,
Thornton, Trent,663423,2022,19.6,9.0,0,2,36.6,23.1,2431,46.1,2415,-3.3,53.9,2950,
Rainey, Tanner,663432,2022,28.1,10.2,1,3,31.6,40.5,2429,70.4,2429,-8.7,29,2383,
Martin, Davis,663436,2022,17.8,7.1,3,6,38.4,23.7,2356,46.3,2356,-6.3,42.9,2680,
Pilkington, Konnor,663455,2022,19.4,12.4,1,2,39.7,28.2,2220,63.4,2220,9.5,15.1,2207,
Bubic, Kris,663460,2022,18.7,10.7,3,13,42.2,24.6,2134,50.5,2134,7.7,21.7,2609,
Allard, Kolby,663465,2022,21.8,6.9,1,2,27.9,37.7,2108,75.3,2117,4.1,5.4,1858,
McKenzie, Triston,663474,2022,25.6,5.9,11,11,34.3,32.3,2313,55.9,2313,-3,44.1,2197,
Sands, Cole,663485,2022,19.3,9.0,0,3,44.4,29.3,2222,57.7,2242,-7.3,22.9,2812,
Allen, Logan,663531,2022,17.5,12.5,1,0,44.4,22.2,1981,42.7,1989,8.4,45.7,2411,
Hjelle, Sean,663546,2022,24.3,7.0,1,2,59,10.3,1841,55.1,1977,-16.4,38.4,1879,
Mize, Casey,663554,2022,8.9,4.4,0,1,38.5,38.5,1951,50.9,1949,-9.1,35.5,2075,
McClanahan, Shane,663556,2022,30.3,5.9,12,8,50.6,21,2233,35.7,2233,10.8,38.9,2517,
Moran, Jovani,663558,2022,32.9,11.0,0,1,50,19.6,2225,51,2225,2.9,3.4,2600,
Falter, Bailey,663559,2022,21.2,4.9,6,4,34.1,33.3,2056,64.2,1916,4.6,31.7,2052,
Santillan, Tony,663574,2022,21.9,12.5,0,1,32.2,23.7,2206,49.5,2206,-11.1,50.5,2292,
Small, Ethan,663629,2022,21.2,24.2,0,0,33.3,22.2,2199,53,2199,2.6,3.8,2066,
Lynch, Daniel,663738,2022,20.3,8.7,4,13,43,24.5,2125,46.3,2120,7.3,35.5,2033,
Morris, Cody,663752,2022,23.0,12.0,1,2,36.9,29.2,2500,76,2430,-2.6,6.9,2364,
Knehr, Reiss,663753,2022,16.9,6.8,0,0,29.3,31.7,2394,55.8,2373,-5.8,25.2,2097,
Woodford, Jake,663765,2022,12.8,5.9,4,0,53.3,18.4,2203,59.5,2090,-10,36.7,2515,
Hoeing, Bryan,663773,2022,9.8,8.2,1,1,54,24,,70.8,1980,-16.7,18.7,2363,
Sandoval, Patrick,663776,2022,23.7,9.4,6,9,47.7,22.1,2037,37,1994,7.7,38.4,2606,
Kowar, Jackson,663804,2022,20.7,13.4,0,0,50,20.4,2259,46.6,2259,-12.3,10.6,2306,
Hicks, Jordan,663855,2022,24.0,13.3,3,6,58.2,19.6,2178,65.7,2041,-15.7,31.6,2486,
Singer, Brady,663903,2022,24.2,5.6,10,5,49.4,20.7,2327,54.3,2297,-14.8,38,2341,
Holton, Tyler,663947,2022,15.4,5.1,0,0,30,26.7,2156,52.8,2195,0.3,14.5,2588,
Paddack, Chris,663978,2022,21.5,2.2,1,2,47.1,18.6,2193,51.8,2193,-9.9,21.8,2103,
Stephan, Trevor,663986,2022,30.7,6.7,6,5,49.1,23.3,2477,47.6,2477,-11,24.8,2590,
Vespi, Nick,663989,2022,25.0,7.1,5,0,41.3,22.7,2267,47.8,2267,-2.4,52.2,2511,
Lakins Sr., Travis,664042,2022,16.0,12.0,0,1,34.3,31.4,2231,59.1,2307,-1.5,29.8,2704,
Stashak, Cody,664054,2022,23.1,0.0,3,0,26,40,2194,48.9,2194,-4.6,49.3,2113,
Gonsolin, Tony,664062,2022,23.9,7.0,16,1,43.2,26.5,2326,39.1,2326,-8.5,33.3,2516,
Cleavinger, Garrett,664076,2022,34.8,7.6,1,1,40.4,26.9,2302,54.2,2314,12.9,45.8,2644,
Poppen, Sean,664092,2022,18.3,10.0,2,2,37.6,30.6,,62.2,2090,-14.9,34.4,2280,
Effross, Scott,664123,2022,27.1,6.6,1,4,45.3,24.7,2246,45.2,2224,-17.8,40.2,2451,
Fairbanks, Pete,664126,2022,43.7,3.4,0,0,53.3,24.4,2515,61.9,2510,-0.2,38.1,2465,
Gibaut, Ian,664139,2022,30.0,11.3,1,2,38.7,23.7,2273,66.7,2301,-1.7,22.2,2492,
Brubaker, JT,664141,2022,22.8,8.4,3,12,43.8,23.4,2156,47.8,2266,-15.3,47.1,2707,
Swarmer, Matt,664161,2022,23.5,13.1,2,3,38.1,36.1,1989,39.1,1989,-4.1,59.1,2194,
Clarke, Taylor,664199,2022,23.6,3.9,3,1,36.3,28.8,2268,42.4,2268,-5.5,36.2,2177,
Cyr, Tyler,664202,2022,29.1,9.1,1,0,48.5,18.2,2149,66.5,2174,-1.9,,,
Maton III, Phil,664208,2022,26.0,8.5,0,2,38.6,25,2487,50.3,2455,-3,49.6,2880,
Valdez, Framber,664285,2022,23.5,8.1,17,6,67.4,10.6,2192,62.9,2279,11,28,2848,
Moreta, Dauri,664294,2022,24.4,8.1,0,2,32.7,27.9,2250,55.5,2266,-9.9,24,1996,
Javier, Cristian,664299,2022,33.2,8.9,11,9,27,38.7,2354,59.9,2354,-7.3,36,2682,
Yajure, Miguel,664337,2022,13.4,13.4,1,1,43.5,24.7,2325,44.6,2303,-7.3,36.1,2514,
Urquidy, Jose,664353,2022,19.7,5.6,13,8,36.7,30.9,2201,57.6,2227,-6.7,27.6,2626,
Diaz, Alexis,664747,2022,32.5,12.9,7,3,31.3,36.6,2656,64.7,2656,-6.6,35.3,2750,
Cousins, Jake,664776,2022,35.6,13.6,2,1,50,39.3,,43.1,2260,-16.1,56.2,2624,
Young, Danny,664849,2022,18.8,6.3,0,0,50,16.7,,41.3,2247,18.9,56.3,2591,
Helsley, Ryan,664854,2022,39.3,8.4,9,1,34.4,32,2643,57,2643,-2.8,42.4,2480,
Dowdy, Kyle,664871,2022,11.1,11.1,0,0,50,35,,,,,,,
Lawrence, Justin,664875,2022,25.1,11.5,3,1,51.7,20.8,,55.3,2281,-16.5,44.7,2797,
Naile, James,664942,2022,13.5,5.4,0,0,50,23.3,1624,66.7,1760,-10.4,25.4,2671,
Vieaux, Cam,664944,2022,31.3,10.4,0,0,30.8,26.9,2256,45.2,2256,10.7,37,2624,
Misiewicz, Anthony,664948,2022,22.3,8.3,1,2,39.3,32.1,2122,65.6,2289,3.6,34.4,2851,
Kelley, Trevor,665001,2022,21.5,8.4,1,0,35.6,30.1,,64.1,2221,-17.5,29.6,2535,
Clemens, Kody,665019,2022,3.0,3.0,0,0,35.5,19.4,,,,,,,
Kremer, Dean,665152,2022,17.0,6.6,8,7,40.3,27.8,2233,72.3,2327,-3.9,12.3,2697,
Garcia, Rony,665621,2022,23.3,6.3,3,3,31.2,37.6,2335,57.4,2317,-12,31.7,2343,
Peguero, Elvis,665625,2022,15.6,6.5,0,0,51.7,21.7,,37.3,1987,-15.9,62.7,2525,
Castro, Kervin,665645,2022,19.3,12.3,0,1,41,23.1,2369,75.3,2372,4,24.7,2141,
Sanmartin, Reiver,665665,2022,18.4,11.3,4,4,55,21.7,2217,40.4,2220,15.7,26.7,2433,
Cabrera, Edward,665795,2022,25.8,11.3,6,4,47.1,27.6,2289,31.3,2278,-11.8,36,2428,
Assad, Javier,665871,2022,18.1,12.0,2,2,41.4,23.3,2211,79.4,2104,-6.2,13.9,2337,
Marte, Jose,665896,2022,25.9,31.0,0,0,16,36,2355,98.9,2390,-3,0.8,2681,
Anderson, Ian,666120,2022,19.7,11.0,10,6,48.4,22.9,1937,48,1938,-5.9,18.7,1874,
Garrett, Braxton,666129,2022,24.1,6.4,3,7,47.8,22.1,2315,47.6,2208,12.7,42.6,2298,
Ragans, Cole,666142,2022,15.5,9.2,0,3,37.4,19.8,2400,60.9,2405,8.1,6.2,2220,
Lodolo, Nick,666157,2022,29.7,8.8,4,7,45.6,21.8,2338,59,2326,17.6,30.6,2733,
Manning, Matt,666159,2022,18.3,7.2,2,3,41,28.7,2055,59,2039,-3.8,33.4,2209,
Thompson, Mason,666168,2022,14.9,8.9,1,1,52.6,19.7,2252,74.7,2252,-16.4,23.9,2207,
Luzardo, Jesus,666200,2022,30.0,8.8,4,7,41.2,24.7,2207,47.3,2181,14.9,30.1,2325,
Manoah, Alek,666201,2022,22.9,6.5,16,7,38.4,27.1,2369,61.7,2295,-9.4,27.1,2216,
Jimenez, Dany,666204,2022,23.4,12.4,3,4,43,29,2216,38.4,2216,-3.3,61.6,2360,
Muller, Kyle,666205,2022,20.3,13.6,1,1,43.6,12.8,2384,46.8,2384,5.3,43.3,2229,
Wentz, Joey,666214,2022,20.0,9.6,2,2,40.4,29.8,2273,77.1,2279,8,9.4,2291,
Brash, Matt,666374,2022,27.9,14.9,4,4,52,16.8,2233,35.9,2233,-11.5,63.2,2920,
Castillo, Max,666721,2022,21.8,8.8,0,2,48.3,24.1,2193,48.1,2193,-13,18.8,2377,
Doval, Camilo,666808,2022,28.0,10.5,6,6,57.8,16.2,,56.4,2504,-7.9,43.6,2580,
Frias, Luis,666818,2022,15.6,18.9,1,1,41.4,25.9,2231,62.4,2231,-3.7,32.6,2029,
Cano, Yennier,666974,2022,21.6,16.5,1,1,50.8,15.3,2272,42.6,2232,-18.1,27.2,2475,
Nance, Tommy,667297,2022,29.1,10.7,2,3,47.4,22.8,2341,42.3,2331,-13.7,57.7,2811,
Sanchez, Miguel,667376,2022,15.5,13.8,1,1,58.5,14.6,2142,38.9,2142,-6.9,9,2220,
Jackson, Zach,667427,2022,33.2,16.3,2,3,30,34,2121,54.3,2122,-4.9,44.6,2461,
King, John,667463,2022,13.5,6.3,1,4,64.4,13.6,,60.5,2117,13.4,14.8,2660,
Fletcher, Aaron,667465,2022,11.5,7.7,0,1,43.6,33.3,,49.1,2282,18.2,23.1,1809,
Dugger, Robert,667498,2022,26.4,9.7,0,1,28.3,26.1,2120,43.3,2088,-10.9,38,2267,
Miller, Tyson,668338,2022,14.3,14.3,1,2,44.7,15.8,2096,59.2,2085,-5.4,35.1,2428,
Nogosek, Stephen,668665,2022,22.1,7.4,1,1,34.8,33.3,2279,72.7,2263,0.6,18.3,2390,
Plesac, Zach,668676,2022,17.6,6.7,3,12,40.7,26.8,2151,42.9,2150,-7.4,34.7,2142,
Gallen, Zac,668678,2022,26.9,6.6,12,4,46.7,24.2,2420,62.9,2421,-1.3,22.8,2515,
Tully, Tanner,668684,2022,6.7,20.0,0,0,36.4,22.7,1932,59.5,1932,3.6,30.2,2397,
Thompson, Zack,668868,2022,19.9,10.3,1,1,54.7,22.1,2002,60.3,2013,7,31.3,2811,
Kilian, Caleb,668873,2022,16.1,21.4,0,2,50,32.4,2175,90.2,2092,-6,9.8,2382,
Greene, Hunter,668881,2022,30.9,9.0,5,13,30.7,36.2,2367,53.8,2367,-11.7,40.9,2363,
Ashcraft, Graham,668933,2022,15.3,6.5,5,6,54.6,18.9,,72.2,2326,-2.5,27.1,2707,
Romero, JoJo,668941,2022,25.4,14.9,0,0,62.5,20,2220,49.1,2173,13.2,21.4,2655,
McCarty, Kirk,668948,2022,16.4,8.2,4,3,39.5,29.4,2311,78.7,2365,2,13.6,2649,
Hollowell, Gavin,668970,2022,25.0,12.5,0,2,25,40,2591,58,2530,-10,39.9,2330,
Gore, MacKenzie,669022,2022,23.3,12.0,4,4,38.3,25.5,2237,60.9,2237,5.2,33.8,2136,
Wilson, Bryse,669060,2022,15.5,6.3,3,9,44.8,25.5,2034,56.5,1990,-12.9,28.7,2226,
Hall, DL,669084,2022,29.7,9.4,1,1,46.2,15.4,2248,52,2248,6.6,27.5,2478,
Estrada, Jeremiah,669093,2022,32.0,12.0,0,0,28.6,28.6,2267,75.2,2267,-2.8,23.1,2366,
Zimmermann, Bruce,669145,2022,15.3,3.8,2,5,40.1,27.6,2335,39.1,2329,9.6,31.6,2421,
May, Dustin,669160,2022,22.8,11.0,2,3,51.9,19,2356,73.2,2376,-10.2,21.1,3267,
Heasley, Jonathan,669169,2022,15.1,10.1,4,10,37.1,28.9,2322,49.1,2322,-8.5,29.6,2473,
Nelson, Ryne,669194,2022,23.2,8.7,1,1,25.5,44.7,2199,69.6,2199,-3.6,24.1,2472,
Burnes, Corbin,669203,2022,30.5,6.4,12,8,47.6,24.3,2578,62.6,2611,2.6,27.6,2774,
Akin, Keegan,669211,2022,23.4,6.1,3,3,50,21.7,2256,52,2256,10.7,29.9,2166,
Morgan, Eli,669212,2022,28.1,5.1,5,3,30.8,33.1,2268,55.3,2268,-10.8,16.9,2271,
Kuhnel, Joel,669270,2022,22.0,5.5,2,3,54.4,23.3,2231,54.5,2233,-11.8,30,2365,
Lee, Dylan,669276,2022,29.4,5.0,5,1,37.1,31.1,2260,45.5,2260,7,47.7,2080,
Gilbert, Logan,669302,2022,22.7,6.4,13,6,37.8,26.4,2135,55.3,2131,-6.6,36.7,2231,
Wells, Tyler,669330,2022,18.0,6.6,7,7,37.5,28.7,2459,41.6,2459,-5.8,40,2568,
Baz, Shane,669358,2022,25.6,7.7,1,2,44.2,18.2,2429,40.1,2429,-8.9,51.6,2598,
Skubal, Tarik,669373,2022,24.5,6.7,7,8,47.1,24.8,2157,47.8,2111,11.3,37.4,2138,
Coleman, Dylan,669395,2022,24.6,12.8,5,2,42.3,22.9,2447,57.5,2448,-4.9,42.5,2468,
Lambert, Jimmy,669424,2022,22.1,11.8,1,2,36.6,30.6,2220,44.6,2220,-7.7,41.2,2586,
Rogers, Trevor,669432,2022,22.2,9.4,4,11,43,26.2,2423,52.9,2423,12.6,17.8,2040,
Bieber, Shane,669456,2022,25.0,4.6,13,8,48.8,20.9,2206,51,2302,-5.1,46.6,2391,
Nelson, Kyle,669459,2022,19.9,9.3,2,1,41.3,30.8,2147,36.3,2147,3.9,63.7,2572,
Liberatore, Matthew,669461,2022,17.4,11.2,2,2,39.5,26.3,2116,54.6,2087,9.2,34.2,2684,
Pallante, Andre,669467,2022,16.0,8.8,6,5,65,12.5,2221,63.5,2205,-4.9,36.4,2566,
Barlow, Joe,669618,2022,19.2,8.9,3,1,36.6,32.7,2331,31,2332,-6.8,69,2306,
Bender, Anthony,669622,2022,21.8,10.3,1,3,53.8,15.4,2236,61.3,2231,-17,33.2,2489,
Long, Sam,669674,2022,18.2,7.7,1,3,39.8,33.1,2205,44,2204,7.7,26.8,2520,
Weissert, Greg,669711,2022,22.9,10.4,3,0,40,30,2254,53.2,2121,-15.1,36.6,2859,
Wesneski, Hayden,669713,2022,25.0,5.3,3,2,47.2,29.2,2148,60.4,2158,-8.1,31.9,2566,
De Jesus, Angel,669804,2022,13.0,7.4,0,0,36.6,34.1,,55.2,2218,-12.8,41.1,2344,
Blanco, Ronel,669854,2022,21.9,12.5,0,0,25,40,2280,45.8,2280,-5,46.7,2239,
Snead, Kirby,669912,2022,16.7,10.5,1,1,43.7,27.8,2497,55.5,2425,17.6,37.4,2788,
Alexander, Jason,669920,2022,14.3,8.7,2,3,52.3,21.4,2191,61.1,2072,-16.2,23.2,2512,
Kirby, George,669923,2022,24.5,4.1,8,5,46.3,25.7,2179,69.8,2184,-7.9,22.2,2181,
Alexy, A.J.,669935,2022,15.8,23.7,1,1,52.2,8.7,2139,55.9,2139,-6.8,35.5,2436,
White, Mitch,669952,2022,17.7,8.0,1,7,43.2,21.9,2277,51.7,2264,-5.2,44.4,2435,
Festa, Matthew,670036,2022,29.2,8.2,2,0,41.5,32.6,2332,43.5,2330,-4.8,56.5,2567,
Rosenberg, Kenny,670046,2022,17.0,12.8,0,0,27.3,33.3,2082,45.6,2082,10.1,21.2,2244,
Holderman, Colin,670059,2022,20.3,11.9,5,0,47.4,21.1,2225,58.1,2209,-12.7,40.7,2455,
Mills, Wyatt,670090,2022,20.3,10.2,0,1,44,32.1,2012,62.2,1950,-14.3,37.8,2353,
Oller, Adam,670124,2022,13.6,11.6,2,8,33.7,36.1,2209,67.9,2185,-8.1,19.6,1925,
Schreiber, John,670167,2022,28.8,7.4,4,4,58.1,20.6,2237,54.8,2212,-12.7,37.7,2614,
Winckowski, Josh,670174,2022,13.9,8.5,5,7,52.7,18.9,2201,61.6,2085,-9.1,28.6,2331,
Bednar, David,670280,2022,32.9,7.6,3,4,33.9,26.6,2298,53.7,2298,-10.2,29.5,2436,
Fishman, Jake,670288,2022,12.5,0.0,0,0,51.3,10.3,,60.2,1973,17.6,39.8,2316,
Garcia, Rico,670329,2022,5.7,8.6,0,0,30,33.3,2379,61.8,2379,-5.9,16.2,2354,
Diehl, Phillip,670426,2022,10.7,10.7,0,0,22.7,50,2343,51.7,2343,8.9,46.7,2496,
Gonzalez, Luis,670768,2022,0.0,3.3,0,0,58.6,17.2,,,,,,,
Gillaspie, Logan,670810,2022,13.5,4.1,1,0,37.3,22,2151,48.1,2151,-8.9,30.2,2300,
Oviedo, Johan,670912,2022,22.3,9.5,4,3,50.6,24.7,2275,43.5,2275,-8.7,51,2559,
Richards, Trevor,670950,2022,29.2,12.5,3,2,35,29.4,2222,44,2222,-7.4,18.4,2116,
Uceta, Edwin,670955,2022,17.8,9.6,0,0,44.2,34.6,2431,55.1,2345,-11.8,17.8,2574,
Morejon, Adrian,670970,2022,19.9,6.4,5,1,34,36.9,2498,69.1,2498,6.8,26.7,2597,
Ramirez, Yohan,670990,2022,19.2,12.0,4,1,49.5,15.6,2235,67.7,2234,-16.3,32.3,2375,
Foley, Jason,671345,2022,16.8,4.3,1,0,57.5,21,2185,69.6,2053,-16.7,23.5,2224,
Bolanos, Ronald,671790,2022,13.8,13.8,0,0,50,25,2196,54.5,2198,-9,40.7,2453,
Detmers, Reid,672282,2022,22.6,8.5,7,6,36.6,26.4,2102,45,2103,10.2,43.7,2283,
Perez, Cionel,672335,2022,23.5,9.0,7,1,51.6,19.7,2194,60.6,2211,8.6,39.4,2614,
Ort, Kaleb,672391,2022,20.1,11.2,1,2,33.3,27.8,2176,59.9,2177,-9.4,33.3,2378,
Hernandez, Carlos,672578,2022,13.2,11.7,0,5,37.7,27.6,2365,50,2365,-8.2,39.7,2172,
Zerpa, Angel,672582,2022,6.8,6.8,2,1,52.6,21.1,2111,59.1,2099,9.6,25.8,2501,
Contreras, Roansy,672710,2022,21.1,9.6,5,5,36.3,28.1,2389,48.6,2389,-7.4,48.6,2558,
Patino, Luis,672715,2022,11.2,13.3,1,2,38.4,35.6,2247,57.2,2221,-7.3,29.9,2388,
Adon, Joan,672851,2022,17.7,12.6,1,12,48.6,24.3,2186,69.4,2184,-10.9,23.8,2257,
Cruz, Jesus,672911,2022,15.4,10.3,0,0,46.4,21.4,2167,58.3,2167,-6,41.7,2443,
Henry, Tommy,674072,2022,17.6,10.2,3,4,40,29.7,2184,55.8,2185,7.2,34.5,2276,
Plassmeyer, Michael,674681,2022,24.1,3.4,0,1,47.6,23.8,,,,,,,
Curry, Xzavion,675540,2022,6.4,12.8,0,1,32.4,35.1,2227,58.8,2227,-3.4,35.2,2449,
Grove, Michael,675627,2022,18.0,7.5,1,0,41.4,37.4,2182,51.1,2182,-6.7,48.9,2442,
Strider, Spencer,675911,2022,38.3,8.5,11,5,40.3,25.9,2343,67,2343,-5.1,28.2,2388,
Lowther, Zac,675912,2022,3.6,7.1,0,0,45.8,29.2,2230,52,2230,13.6,28,2178,
Karinchak, James,675916,2022,38.8,13.1,2,0,23.7,31.6,2349,59.7,2349,-1.9,40.3,2398,
Howard, Spencer,675921,2022,17.9,8.4,2,4,40.5,32.1,2144,85.5,2151,-2.3,11,1938,
Naughton, Packy,676050,2022,22.0,5.0,0,2,51,21.6,2079,53.7,2056,10,21,2350,
Junk, Janson,676083,2022,29.7,8.1,1,1,65.2,17.4,2377,43.4,2377,-1.6,53.5,2259,
Snider, Collin,676092,2022,14.6,9.9,4,2,50.9,20.5,2385,48.7,2428,-14.6,49.4,2676,
Jones, Damon,676103,2022,19.2,19.2,0,0,38.5,15.4,2234,62.9,2234,2.4,37.1,2709,
Tetreault, Jackson,676194,2022,9.4,10.4,2,2,40.3,27.3,2018,89.6,2009,-4.9,7.7,2119,
Abbott, Cory,676265,2022,20.8,11.6,0,5,29.1,43.3,2253,50.9,2253,-11.5,49.1,2204,
Whitlock, Garrett,676477,2022,26.4,4.8,4,2,40.8,25.8,2123,62.2,2150,-15.1,18,1928,
Faucher, Calvin,676534,2022,20.8,9.9,2,3,40.6,29,,41.3,2261,-10.3,58.7,2815,
Fleming, Josh,676596,2022,17.2,7.1,2,5,63.8,13.4,1779,70.1,1790,13.5,10.9,1846,
Sanders, Phoenix,676637,2022,21.1,5.3,0,0,42.9,28.6,2079,25.6,2079,-5.4,74.4,2157,
Sulser, Beau,676641,2022,19.2,9.1,0,0,47.1,21.4,2344,60,2343,-7.6,8.3,2495,
Solomon, Jared,676660,2022,23.1,12.8,0,0,29.2,45.8,,48.4,2258,-13,50.3,2356,
Sears, JP,676664,2022,17.7,8.0,6,3,41.5,28.8,2152,56.6,2152,12.1,26.3,2495,
Vest, Will,676684,2022,23.2,8.1,3,3,50.3,21.3,2079,56.2,2078,-9.3,33.2,2391,
Crawford, Kutter,676710,2022,23.1,8.7,3,6,31.4,30.5,2420,70,2421,-3.5,22.8,2312,
Hughes, Brandon,676714,2022,28.5,8.8,2,3,34,32.6,2313,53.2,2306,13.3,45.7,2372,
Romero, Tommy,676720,2022,15.9,20.5,1,1,25,39.3,1953,56,1953,-1,22.5,1994,
Marinaccio, Ron,676760,2022,30.9,13.3,1,0,41.5,30.9,2325,44.3,2325,-12.5,17.8,2354,
Whitley, Kodi,676831,2022,20.3,15.3,2,0,41.7,33.3,2241,49.3,2241,-8.3,16.5,1933,
Peacock, Matt,676840,2022,13.0,8.7,0,0,61.1,11.1,,58.4,1941,-18,37.6,2666,
Ashby, Aaron,676879,2022,26.5,9.9,2,10,57.4,19.6,2116,37.3,2093,14.8,42,2561,
Beasley, Jeremy,676886,2022,29.7,7.8,0,0,28.9,44.7,2440,61.3,2440,-9.2,28,2447,
Meyer, Max,676974,2022,23.1,7.7,0,1,44.4,22.2,,,,,,,
Nardi, Andrew,677053,2022,28.9,16.9,1,1,22.2,37.8,2304,63.4,2304,6.4,31.6,2321,
Kelly, Zack,677161,2022,18.6,6.8,1,0,45.5,31.8,2145,47.3,2145,-11.2,13.5,2549,
Garcia, Luis,677651,2022,24.4,7.3,15,8,37.4,30.6,2408,71.7,2385,-2.3,19,2553,
Bruihl, Justin,677865,2022,13.0,6.0,1,1,41,25.6,,80.1,2249,-0.2,19.9,2391,
Bello, Brayan,678394,2022,20.5,10.1,2,8,55.4,17.4,2202,53.9,2150,-14.5,22.5,2496,
Henriquez, Ronny,678692,2022,18.0,6.0,0,1,52.8,33.3,2423,24.3,2420,-8.6,46.4,2537,
Gray, Josiah,680686,2022,23.7,10.2,7,10,34,33.6,2216,42.9,2222,-10.5,54.3,2240,
Bradish, Kyle,680694,2022,21.8,9.0,4,7,45.9,25.9,2305,48.8,2292,0.1,42.6,2493,
Sandlin, Nick,680704,2022,22.8,13.3,5,2,56.3,19.6,2308,47.6,2220,-13.9,44.7,2617,
Winder, Josh,680739,2022,16.4,6.3,4,6,34.1,33.2,2023,40.4,2023,-8.3,45.4,2128,
Silseth, Chase,681217,2022,18.6,9.3,1,3,45.7,21.7,2349,46.3,2334,-8.3,26.3,2590,
Roberts, Ethan,681799,2022,23.7,15.8,0,1,36.4,22.7,2659,67.8,2597,2.3,32.2,3051,
Wantz, Andrew,681806,2022,25.5,10.3,2,1,30.2,35.7,2366,65.9,2416,-0.7,28.5,2430,
Warren, Austin,681810,2022,12.9,7.1,2,0,41.1,32.1,2385,53.8,2307,-12.2,41.7,2636,
Lee, Evan,681885,2022,16.3,16.3,0,1,42.9,28.6,2390,52.1,2390,5.5,41.8,2717,
Vesia, Alex,681911,2022,34.8,10.6,5,0,36.1,27.9,2326,63.1,2326,5,32.4,2415,
Hill, Garrett,682051,2022,15.2,11.0,3,3,35.3,26.3,2154,59.3,2147,-10.6,29.1,2566,
Murfee, Penn,682171,2022,27.9,6.6,4,0,33.5,35.8,2278,49,2244,-4.1,51,2645,
Ortiz, Luis,682847,2022,24.6,14.5,0,2,42.9,19,2363,57.8,2363,-14.1,37.1,2527,
Gaddis, Hunter,683769,2022,12.5,7.5,0,2,18.8,50,2150,76.6,2174,-3.5,6.4,2538,
Arihara, Kohei,685503,2022,13.0,10.2,1,3,51.2,20,2185,53.3,2104,-8.8,14.6,2124,
Waldichuk, Ken,686610,2022,22.6,6.8,2,2,36.4,30.3,2335,56.5,2335,10.5,29,2225,
Brown, Hunter,686613,2022,27.5,8.8,2,0,64.7,13.7,2262,53.1,2262,-7.5,44.7,2382,
Pepiot, Ryan,686752,2022,26.3,16.9,3,0,27.3,38.6,2409,56.2,2409,-9.9,18.2,2693,
Jameson, Drey,686753,2022,24.5,7.1,3,0,56.1,18.2,2234,62.3,2168,-11.2,29.3,2413,
Waites, Cole,686972,2022,16.0,16.0,0,0,41.2,35.3,2267,70.2,2267,-5.1,29.8,2231,
Varland, Louie,686973,2022,19.8,5.7,1,2,38.5,26.9,2206,66.2,2223,-6.3,19.2,2332,
Brieske, Beau,689225,2022,15.9,7.4,3,6,37.8,31.3,2375,53.3,2377,-8.1,24.6,2199,
Elder, Bryce,693821,2022,20.7,10.1,2,4,50,22.1,2104,61.2,2026,-10.6,26.9,2413,