last_name, first_name,player_id,year,p_game,p_formatted_ip,p_total_pitches,
Wainwright, Adam,425794,2022,32,191.2,3133,
Greinke, Zack,425844,2022,26,137.0,2272,
Verlander, Justin,434378,2022,28,175.0,2607,
Sanchez, Anibal,434671,2022,14,69.1,1232,
Jansen, Kenley,445276,2022,65,64.0,1006,
Chavez, Jesse,445926,2022,60,69.1,1202,
Kluber, Corey,446372,2022,31,164.0,2454,
Hill, Rich,448179,2022,26,124.1,1990,
Morton, Charlie,450203,2022,31,172.0,2903,
Kennedy, Ian,453178,2022,57,50.1,867,
Bard, Daniel,453268,2022,57,60.1,953,
Scherzer, Max,453286,2022,23,145.1,2167,
Melancon, Mark,453343,2022,62,56.0,886,
Martin, Chris,455119,2022,60,56.0,858,
Price, David,456034,2022,40,40.1,596,
Cueto, Johnny,456501,2022,25,158.1,2372,
Bush, Matt,456713,2022,65,59.2,909,
Lynn, Lance,458681,2022,21,121.2,2022,
McGee, Jake,459429,2022,42,37.0,629,
Chacin, Jhoulys,468504,2022,35,47.1,786,
Carrasco, Carlos,471911,2022,29,152.0,2412,
Garcia, Luis,472610,2022,64,61.0,966,
Phelps, David,475479,2022,65,63.2,1151,
Luetge, Lucas,476595,2022,50,57.1,971,
Kershaw, Clayton,477132,2022,22,126.1,1842,
Miley, Wade,489119,2022,9,37.0,566,
Stammen, Craig,489334,2022,33,40.2,701,
Ottavino, Adam,493603,2022,66,65.2,1057,
Quintana, Jose,500779,2022,32,165.2,2724,
Pineda, Michael,501381,2022,11,46.2,731,
Minor, Mike,501985,2022,19,98.0,1750,
Archer, Chris,502042,2022,25,102.2,1787,
Gibson, Kyle,502043,2022,31,167.2,2739,
Robertson, David,502085,2022,58,63.2,1060,
Cobb, Alex,502171,2022,28,149.2,2418,
Espino, Paolo,502179,2022,42,113.1,1873,
Boxberger, Brad,502202,2022,70,64.0,1090,
Peralta, Wily,503449,2022,28,38.1,694,
Darvish, Yu,506433,2022,30,194.2,2971,
Colome, Alex,517008,2022,53,47.0,803,
Brasier, Ryan,518489,2022,68,62.1,985,
Bumgarner, Madison,518516,2022,30,158.2,2715,
Cishek, Steve,518553,2022,69,66.1,1175,
Diekman, Jake,518617,2022,70,57.2,1172,
Kelly, Merrill,518876,2022,33,200.1,3071,
Kimbrel, Craig,518886,2022,63,60.0,1077,
Moore, Matt,519043,2022,63,74.0,1248,
Pressly, Ryan,519151,2022,50,48.1,711,
Smith, Will,519293,2022,65,59.0,985,
Strickland, Hunter,519326,2022,66,62.1,1099,
Hendriks, Liam,521230,2022,58,57.2,948,
Kelly, Joe,523260,2022,43,37.0,703,
Perez, Martin,527048,2022,32,196.1,2979,
Castellanos, Humberto,528748,2022,11,44.1,748,
Ramirez, Erasmo,541640,2022,60,86.1,1222,
Anderson, Tyler,542881,2022,30,178.2,2576,
Armstrong, Shawn,542888,2022,50,61.2,1047,
Bass, Anthony,542914,2022,73,70.1,986,
Bleier, Richard,542947,2022,55,50.2,768,
Cole, Gerrit,543037,2022,33,200.2,3274,
Eovaldi, Nathan,543135,2022,20,109.1,1739,
Gray, Sonny,543243,2022,24,119.2,1872,
Hand, Brad,543272,2022,55,45.0,817,
Hendricks, Kyle,543294,2022,16,84.1,1347,
Lyles, Jordan,543475,2022,32,179.0,2988,
McHugh, Collin,543521,2022,58,69.1,1086,
Odorizzi, Jake,543606,2022,22,106.1,1798,
Shaw, Bryan,543766,2022,60,58.1,969,
Banuelos, Manny,544365,2022,35,41.0,718,
Familia, Jeurys,544727,2022,48,44.1,817,
Lorenzen, Michael,547179,2022,18,97.2,1654,
Chapman, Aroldis,547973,2022,43,36.1,679,
Raley, Brooks,548384,2022,60,53.2,846,
Stripling, Ross,548389,2022,32,134.1,2033,
Garcia, Yimi,554340,2022,61,61.0,1039,
Wheeler, Zack,554430,2022,26,153.0,2358,
Matzek, Tyler,554431,2022,42,43.2,713,
Rodriguez, Joely,570257,2022,55,50.1,842,
Urena, Jose,570632,2022,21,97.0,1622,
Cessa, Luis,570666,2022,46,80.2,1235,
Bellatti, Andrew,571479,2022,59,54.1,963,
Corbin, Patrick,571578,2022,31,152.2,2623,
Farmer, Buck,571656,2022,44,47.0,855,
Floro, Dylan,571670,2022,56,53.2,863,
Givens, Mychal,571710,2022,59,61.1,1026,
Heaney, Andrew,571760,2022,16,72.2,1230,
Hutchison, Drew,571800,2022,28,105.1,1759,
Loup, Aaron,571901,2022,65,58.2,967,
Matz, Steven,571927,2022,15,48.0,849,
Mikolas, Miles,571945,2022,33,202.1,3152,
Milner, Hoby,571948,2022,67,64.2,1088,
Richards, Garrett,572070,2022,32,42.2,708,
Tepera, Ryan,572193,2022,59,57.1,892,
Keuchel, Dallas,572971,2022,14,60.2,1165,
Mantiply, Joe,573009,2022,69,60.0,861,
Rogers, Taylor,573124,2022,66,64.1,1085,
Stroman, Marcus,573186,2022,25,138.2,2181,
Thielbar, Caleb,573204,2022,67,59.1,996,
Kikuchi, Yusei,579328,2022,32,100.2,1843,
Adam, Jason,592094,2022,67,63.1,942,
Gausman, Kevin,592332,2022,31,174.2,2783,
Gray, Jon,592351,2022,24,127.1,2062,
Ray, Robbie,592662,2022,32,189.0,3047,
Sampson, Adrian,592716,2022,21,104.1,1694,
Sanchez, Aaron,592717,2022,15,60.0,1006,
Smith, Caleb,592761,2022,44,70.0,1234,
Smyly, Drew,592767,2022,22,106.1,1814,
Stanek, Ryne,592773,2022,59,54.2,895,
Syndergaard, Noah,592789,2022,25,134.2,2026,
Taillon, Jameson,592791,2022,32,177.1,2805,
Velasquez, Vince,592826,2022,27,75.1,1286,
Walker, Taijuan,592836,2022,29,157.1,2500,
Wick, Rowan,592858,2022,64,64.0,1153,
Williams, Trevor,592866,2022,30,89.2,1407,
German, Domingo,593334,2022,15,72.1,1081,
Montas, Frankie,593423,2022,27,144.1,2327,
Neris, Hector,593576,2022,70,65.1,1012,
Rodriguez, Eduardo,593958,2022,17,91.0,1469,
Peralta, Wandy,593974,2022,56,56.1,816,
Mayers, Mike,594577,2022,24,50.2,890,
Moll, Sam,594580,2022,53,43.1,737,
deGrom, Jacob,594798,2022,11,64.1,940,
Gonzales, Marco,594835,2022,32,183.0,2838,
Okert, Steven,595345,2022,60,51.1,968,
Beede, Tyler,595881,2022,31,61.1,1072,
Junis, Jakob,596001,2022,23,112.0,1802,
Norris, Daniel,596057,2022,41,58.2,1012,
Peters, Dillon,596071,2022,22,39.1,634,
Stephenson, Robert,596112,2022,58,58.0,914,
Weaver, Luke,596133,2022,26,35.2,721,
Gomber, Austin,596295,2022,33,124.2,2059,
Barnes, Matt,598264,2022,44,39.2,693,
Ramirez, Noe,598287,2022,55,50.0,837,
Leclerc, Jose,600917,2022,39,47.2,782,
Machado, Andres,600921,2022,51,59.1,997,
Pivetta, Nick,601713,2022,33,179.2,3082,
Barlow, Scott,605130,2022,69,74.1,1198,
Bassitt, Chris,605135,2022,30,181.2,2886,
Brebbia, John,605154,2022,76,68.0,1091,
Bundy, Dylan,605164,2022,29,140.0,2180,
Chafin, Andrew,605177,2022,64,57.1,899,
Clevinger, Mike,605182,2022,23,114.1,1931,
Cotton, Jharel,605194,2022,30,43.0,741,
Davies, Zach,605200,2022,27,134.1,2292,
Edwards Jr., Carl,605218,2022,57,62.0,1014,
Fulmer, Michael,605242,2022,67,63.2,1043,
Holmes, Clay,605280,2022,62,63.2,981,
Houser, Adrian,605288,2022,22,102.2,1848,
Lopez, Jorge,605347,2022,67,71.0,1161,
Musgrove, Joe,605397,2022,30,181.0,2834,
Nola, Aaron,605400,2022,32,205.0,3039,
Romano, Jordan,605447,2022,63,64.0,989,
Snell, Blake,605483,2022,24,128.0,2341,
Springs, Jeffrey,605488,2022,33,135.1,2149,
Thompson, Zach,605507,2022,29,121.2,2080,
Warren, Art,605521,2022,39,36.0,655,
Wisler, Matt,605538,2022,39,44.0,749,
Woodruff, Brandon,605540,2022,27,153.1,2538,
Gallegos, Giovanny,606149,2022,57,59.0,988,
Montero, Rafael,606160,2022,71,68.1,1093,
Payamps, Joel,606303,2022,41,55.2,952,
Garcia, Jarlin,606424,2022,58,65.0,1015,
Moronta, Reyes,606625,2022,39,37.2,641,
Rodon, Carlos,607074,2022,31,178.0,2985,
Weems, Jordan,607179,2022,32,39.2,738,
Fedde, Erick,607200,2022,27,127.0,2420,
Krehbiel, Joey,607216,2022,56,57.2,977,
Garrett, Amir,607237,2022,60,45.1,804,
Martinez, Nick,607259,2022,47,106.1,1720,
Freeland, Kyle,607536,2022,31,174.2,2839,
Lugo, Seth,607625,2022,62,65.0,1079,
Estevez, Carlos,608032,2022,62,57.0,1021,
De Jong, Chase,608328,2022,42,71.2,1174,
Fried, Max,608331,2022,30,185.1,2818,
Giolito, Lucas,608337,2022,30,161.2,2753,
Irvin, Cole,608344,2022,30,181.0,2610,
Knebel, Corey,608349,2022,46,44.2,795,
Wacha, Michael,608379,2022,23,127.1,1949,
Marquez, German,608566,2022,31,181.2,2839,
Duffey, Tyler,608648,2022,40,44.0,741,
Graveman, Kendall,608665,2022,65,65.0,1035,
Leone, Dominic,608678,2022,55,49.1,826,
Stratton, Chris,608717,2022,60,63.1,1100,
Suter, Brent,608718,2022,54,66.2,1070,
Voth, Austin,608723,2022,41,101.2,1762,
Ruiz, Jose,614179,2022,63,60.2,1115,
Quantrill, Cal,615698,2022,32,186.1,2920,
Sawamura, Hirokazu,617228,2022,49,50.2,838,
Cuas, Jose,621016,2022,47,37.2,687,
Wilson, Steven,621051,2022,50,53.0,874,
Rucker, Michael,621074,2022,41,54.2,914,
Kaprielian, James,621076,2022,26,134.0,2230,
Eflin, Zach,621107,2022,20,75.2,1194,
Buehler, Walker,621111,2022,12,65.0,1046,
Blackburn, Paul,621112,2022,21,111.1,1762,
McCullers Jr., Lance,621121,2022,8,47.2,759,
Alvarado, Jose,621237,2022,59,51.0,881,
Diaz, Edwin,621242,2022,61,62.0,928,
Berrios, Jose,621244,2022,32,172.0,2721,
Garza Jr., Ralph,621248,2022,19,35.0,514,
Underwood Jr., Duane,621249,2022,51,57.1,1004,
Minter, A.J.,621345,2022,75,70.0,1111,
Poche, Colin,621363,2022,65,58.2,974,
Hearn, Taylor,621368,2022,31,100.0,1787,
Strahm, Matt,621381,2022,50,44.2,764,
Banks, Tanner,621383,2022,35,53.0,897,
Blach, Ty,621389,2022,24,44.1,674,
Wood, Alex,622072,2022,26,130.2,2239,
Smith, Drew,622098,2022,44,46.0,780,
Staumont, Josh,622251,2022,42,37.2,731,
Tate, Dillon,622253,2022,67,73.2,1077,
Castillo, Luis,622491,2022,25,150.1,2506,
Crismatt, Nabil,622503,2022,50,67.1,1062,
Dominguez, Seranthony,622554,2022,54,51.0,823,
Senzatela, Antonio,622608,2022,19,92.1,1521,
Severino, Luis,622663,2022,19,102.0,1639,
Hernandez, Elieser,622694,2022,20,62.1,1095,
Sewald, Paul,623149,2022,65,64.0,974,
Flexen, Chris,623167,2022,33,137.2,2204,
Hader, Josh,623352,2022,56,50.0,943,
Stephens, Jackson,623451,2022,39,53.2,944,
Phillips, Evan,623465,2022,64,63.0,923,
Herget, Jimmy,623474,2022,49,69.0,996,
Suarez, Ranger,624133,2022,29,155.1,2564,
Thompson, Keegan,624522,2022,29,115.0,1878,
Lopez, Reynaldo,625643,2022,61,65.1,985,
Iglesias, Raisel,628452,2022,67,62.0,979,
Marte, Yunior,628708,2022,39,48.0,856,
Urias, Julio,628711,2022,31,175.0,2622,
Crowe, Wil,640444,2022,60,76.0,1380,
Finnegan, Kyle,640448,2022,66,66.2,1053,
Harvey, Hunter,640451,2022,38,39.1,661,
Manaea, Sean,640455,2022,30,158.0,2482,
Puk, A.J.,640462,2022,62,66.1,1072,
Lopez, Pablo,641154,2022,32,180.0,2910,
Alexander, Tyler,641302,2022,27,101.0,1591,
Baker, Bryan,641329,2022,66,69.2,1181,
Bickford, Phil,641360,2022,60,61.0,990,
Brogdon, Connor,641401,2022,47,44.0,710,
Castano, Daniel,641447,2022,10,35.2,577,
Cortes Jr., Nestor,641482,2022,28,158.1,2465,
Danish, Tyler,641501,2022,32,40.1,664,
Dunning, Dane,641540,2022,29,153.1,2548,
Foster, Matt,641582,2022,48,45.0,768,
Gott, Trevor,641627,2022,45,45.2,761,
Hudson, Dakota,641712,2022,27,139.2,2253,
Jefferies, Daulton,641726,2022,8,39.1,611,
Jimenez, Joe,641729,2022,62,56.2,937,
Keller, Brad,641745,2022,35,139.2,2275,
Kuhl, Chad,641771,2022,27,137.0,2375,
Lauer, Eric,641778,2022,29,158.2,2676,
Littell, Zack,641793,2022,39,44.1,758,
Mahle, Tyler,641816,2022,23,120.2,2101,
Mayza, Tim,641835,2022,63,48.2,731,
Ober, Bailey,641927,2022,11,56.0,854,
Pagan, Emilio,641941,2022,59,63.0,1126,
Trivino, Lou,642152,2022,64,53.2,955,
Williams, Devin,642207,2022,65,60.2,1068,
Yarbrough, Ryan,642232,2022,20,80.0,1355,
Soto, Gregory,642397,2022,64,60.1,1102,
Loaisiga, Jonathan,642528,2022,50,48.0,761,
Barria, Jaime,642545,2022,35,79.1,1123,
Peralta, Freddy,642547,2022,18,78.0,1353,
Bautista, Felix,642585,2022,65,65.2,995,
Santana, Dennis,642701,2022,63,58.2,991,
Acevedo, Domingo,642758,2022,70,67.2,1005,
Cimber, Adam,643256,2022,77,70.2,1044,
Jax, Griffin,643377,2022,65,72.1,1157,
Leiter Jr., Mark,643410,2022,35,67.2,1086,
Pruitt, Austin,643493,2022,39,55.1,809,
Rogers, Tyler,643511,2022,68,75.2,1166,
Arano, Victor,644364,2022,43,42.0,678,
Alcantara, Sandy,645261,2022,32,228.2,3248,
Pop, Zach,647315,2022,35,39.0,536,
Abreu, Bryan,650556,2022,55,60.1,1019,
King, Michael,650633,2022,34,51.0,776,
Civale, Aaron,650644,2022,20,97.0,1588,
Quijada, Jose,650671,2022,42,40.2,691,
Cabrera, Genesis,650893,2022,39,44.2,736,
Castillo, Diego,650895,2022,59,54.1,843,
Sanchez, Cristopher,650911,2022,15,40.0,662,
Abreu, Albert,656061,2022,33,38.2,707,
Beeks, Jalen,656222,2022,42,61.0,999,
Bird, Jake,656234,2022,38,47.2,745,
Burke, Brock,656271,2022,52,82.1,1330,
Cease, Dylan,656302,2022,32,184.0,3120,
Davidson, Tucker,656353,2022,12,52.0,912,
Davis, Austin,656354,2022,52,56.0,1118,
Faedo, Alex,656412,2022,12,53.2,967,
Flaherty, Jack,656427,2022,9,36.0,662,
Gilbreath, Lucas,656458,2022,47,43.0,796,
Hentges, Sam,656529,2022,57,62.0,944,
Hoffman, Jeff,656546,2022,35,44.2,848,
Houck, Tanner,656557,2022,32,60.0,918,
Keller, Mitch,656605,2022,31,159.0,2661,
Kopech, Michael,656629,2022,25,119.1,2011,
Lange, Alex,656638,2022,71,63.1,1046,
Logue, Zach,656657,2022,14,57.0,1022,
Martin, Brett,656685,2022,55,50.0,750,
Megill, Trevor,656730,2022,39,45.0,774,
Megill, Tylor,656731,2022,15,47.1,791,
Montgomery, Jordan,656756,2022,32,178.1,2715,
Nelson, Nick,656793,2022,47,68.2,1204,
Peterson, David,656849,2022,28,105.2,1889,
Rasmussen, Drew,656876,2022,28,146.0,2239,
Scott, Tanner,656945,2022,67,62.2,1273,
Smeltzer, Devin,656970,2022,15,70.1,1129,
Steele, Justin,657006,2022,24,119.0,2032,
Swanson, Erik,657024,2022,57,53.2,880,
Thompson, Ryan,657044,2022,47,42.2,679,
Watkins, Spenser,657093,2022,23,105.1,1642,
Wright, Kyle,657140,2022,30,180.1,2697,
Otto Jr., Glenn,657248,2022,27,135.2,2229,
Webb, Logan,657277,2022,32,192.1,3006,
Schmidt, Clarke,657376,2022,29,57.2,930,
Hill, Tim,657612,2022,55,48.0,745,
Koenig, Jared,657649,2022,10,39.1,653,
Ryan, Joe,657746,2022,27,147.0,2391,
Ohtani, Shohei,660271,2022,28,166.0,2629,
Suarez, Jose,660761,2022,22,109.0,1783,
Graterol, Brusdar,660813,2022,46,49.2,675,
De Los Santos, Enyel,660853,2022,50,53.1,845,
Gutierrez, Vladimir,661269,2022,10,36.2,684,
Martinez, Adrian,661309,2022,12,57.2,1015,
Duran, Jhoan,661395,2022,57,67.2,1023,
Clase, Emmanuel,661403,2022,77,72.2,921,
Martinez, Seth,661527,2022,29,38.2,592,
Munoz, Andres,662253,2022,64,65.0,1024,
Suarez, Robert,663158,2022,45,47.2,801,
Feltner, Ryan,663372,2022,20,97.1,1675,
Thornton, Trent,663423,2022,32,46.0,664,
Martin, Davis,663436,2022,14,63.1,1044,
Pilkington, Konnor,663455,2022,15,58.0,1039,
Bubic, Kris,663460,2022,28,129.0,2262,
McKenzie, Triston,663474,2022,31,191.1,2807,
McClanahan, Shane,663556,2022,28,166.1,2463,
Moran, Jovani,663558,2022,31,40.2,672,
Falter, Bailey,663559,2022,20,84.0,1295,
Lynch, Daniel,663738,2022,27,131.2,2435,
Woodford, Jake,663765,2022,27,48.1,697,
Sandoval, Patrick,663776,2022,27,148.2,2456,
Hicks, Jordan,663855,2022,35,61.1,1051,
Singer, Brady,663903,2022,27,153.1,2376,
Stephan, Trevor,663986,2022,66,63.2,1032,
Gonsolin, Tony,664062,2022,24,130.1,2015,
Effross, Scott,664123,2022,60,56.2,815,
Gibaut, Ian,664139,2022,34,36.0,694,
Brubaker, JT,664141,2022,28,144.0,2381,
Swarmer, Matt,664161,2022,11,34.0,657,
Clarke, Taylor,664199,2022,47,49.0,859,
Maton III, Phil,664208,2022,67,65.2,1089,
Valdez, Framber,664285,2022,31,201.1,3018,
Moreta, Dauri,664294,2022,35,38.1,613,
Javier, Cristian,664299,2022,30,148.2,2554,
Urquidy, Jose,664353,2022,29,164.1,2640,
Diaz, Alexis,664747,2022,59,63.2,1077,
Helsley, Ryan,664854,2022,54,64.2,962,
Lawrence, Justin,664875,2022,38,42.2,763,
Kremer, Dean,665152,2022,22,125.1,1947,
Garcia, Rony,665621,2022,16,51.0,885,
Sanmartin, Reiver,665665,2022,45,57.0,1031,
Cabrera, Edward,665795,2022,14,71.2,1215,
Assad, Javier,665871,2022,9,37.2,690,
Anderson, Ian,666120,2022,22,111.2,2005,
Garrett, Braxton,666129,2022,17,88.0,1436,
Ragans, Cole,666142,2022,9,40.0,706,
Lodolo, Nick,666157,2022,19,103.1,1779,
Manning, Matt,666159,2022,12,63.0,990,
Luzardo, Jesus,666200,2022,18,100.1,1644,
Manoah, Alek,666201,2022,31,196.2,2949,
Brash, Matt,666374,2022,39,50.2,935,
Castillo, Max,666721,2022,14,39.1,697,
Doval, Camilo,666808,2022,68,67.2,1121,
Nance, Tommy,667297,2022,35,43.2,751,
Jackson, Zach,667427,2022,54,48.0,887,
King, John,667463,2022,39,51.1,749,
Plesac, Zach,668676,2022,25,131.2,2153,
Gallen, Zac,668678,2022,31,184.0,2935,
Greene, Hunter,668881,2022,24,125.2,2200,
Ashcraft, Graham,668933,2022,19,105.0,1756,
McCarty, Kirk,668948,2022,13,37.2,574,
Gore, MacKenzie,669022,2022,16,70.0,1258,
Wilson, Bryse,669060,2022,25,115.2,1825,
Zimmermann, Bruce,669145,2022,15,73.2,1130,
Heasley, Jonathan,669169,2022,21,104.0,1796,
Burnes, Corbin,669203,2022,33,202.0,3274,
Akin, Keegan,669211,2022,45,81.2,1235,
Morgan, Eli,669212,2022,50,66.2,1017,
Kuhnel, Joel,669270,2022,53,58.0,934,
Lee, Dylan,669276,2022,46,50.2,754,
Gilbert, Logan,669302,2022,32,185.2,3015,
Wells, Tyler,669330,2022,23,103.2,1649,
Skubal, Tarik,669373,2022,21,117.2,1914,
Coleman, Dylan,669395,2022,68,68.0,1205,
Lambert, Jimmy,669424,2022,42,47.0,818,
Rogers, Trevor,669432,2022,23,107.0,1940,
Bieber, Shane,669456,2022,31,200.0,2875,
Nelson, Kyle,669459,2022,43,37.0,593,
Liberatore, Matthew,669461,2022,9,34.2,650,
Pallante, Andre,669467,2022,47,108.0,1753,
Long, Sam,669674,2022,28,42.1,739,
Snead, Kirby,669912,2022,46,44.2,780,
Alexander, Jason,669920,2022,18,71.2,1160,
Kirby, George,669923,2022,25,130.0,2092,
White, Mitch,669952,2022,25,99.0,1715,
Festa, Matthew,670036,2022,53,54.0,897,
Oller, Adam,670124,2022,19,74.1,1294,
Schreiber, John,670167,2022,64,65.0,1020,
Winckowski, Josh,670174,2022,15,70.1,1194,
Bednar, David,670280,2022,45,51.2,842,
Oviedo, Johan,670912,2022,21,56.0,980,
Richards, Trevor,670950,2022,62,64.0,1163,
Ramirez, Yohan,670990,2022,30,37.1,620,
Foley, Jason,671345,2022,60,60.1,961,
Detmers, Reid,672282,2022,25,129.0,2181,
Perez, Cionel,672335,2022,66,57.2,901,
Hernandez, Carlos,672578,2022,27,56.0,1035,
Contreras, Roansy,672710,2022,21,95.0,1588,
Adon, Joan,672851,2022,14,64.2,1204,
Henry, Tommy,674072,2022,9,47.0,773,
Strider, Spencer,675911,2022,31,131.2,2277,
Karinchak, James,675916,2022,38,39.0,704,
Howard, Spencer,675921,2022,10,37.2,692,
Snider, Collin,676092,2022,42,34.1,583,
Abbott, Cory,676265,2022,16,48.0,845,
Whitlock, Garrett,676477,2022,31,78.1,1166,
Fleming, Josh,676596,2022,10,35.0,662,
Sears, JP,676664,2022,17,70.0,1079,
Vest, Will,676684,2022,59,63.0,1083,
Crawford, Kutter,676710,2022,21,77.1,1296,
Hughes, Brandon,676714,2022,57,57.2,973,
Marinaccio, Ron,676760,2022,40,44.0,757,
Ashby, Aaron,676879,2022,27,107.1,1878,
Garcia, Luis,677651,2022,28,157.1,2468,
Bello, Brayan,678394,2022,13,57.1,997,
Gray, Josiah,680686,2022,28,148.2,2597,
Bradish, Kyle,680694,2022,23,117.2,1993,
Sandlin, Nick,680704,2022,46,44.0,740,
Winder, Josh,680739,2022,15,67.0,1114,
Wantz, Andrew,681806,2022,42,50.1,831,
Vesia, Alex,681911,2022,63,54.1,951,
Hill, Garrett,682051,2022,17,60.1,1019,
Murfee, Penn,682171,2022,64,69.1,1003,
Pepiot, Ryan,686752,2022,9,36.1,737,
Brieske, Beau,689225,2022,15,81.2,1287,
Elder, Bryce,693821,2022,10,54.0,873,
Wainwright, Adam,425794,2021,32,206.1,3068,
Greinke, Zack,425844,2021,30,171.0,2577,
Santana, Ervin,429722,2021,38,65.1,1063,
Petit, Yusmeiro,433589,2021,78,78.0,1082,
Jansen, Kenley,445276,2021,69,69.0,1071,
Detwiler, Ross,446321,2021,53,52.1,888,
Kluber, Corey,446372,2021,16,80.0,1338,
Hill, Rich,448179,2021,32,158.2,2496,
Doolittle, Sean,448281,2021,56,49.2,866,
Guerra, Junior,448855,2021,41,65.1,1225,
Morton, Charlie,450203,2021,33,185.2,2987,
Davis, Wade,451584,2021,40,42.2,769,
Lester, Jon,452657,2021,28,141.1,2380,
Kennedy, Ian,453178,2021,55,56.1,899,
Miller, Andrew,453192,2021,40,36.0,620,
Watson, Tony,453265,2021,62,57.1,866,
Bard, Daniel,453268,2021,67,65.2,1217,
LeBlanc, Wade,453281,2021,18,49.0,794,
Parker, Blake,453284,2021,47,43.2,713,
Scherzer, Max,453286,2021,30,179.1,2821,
Melancon, Mark,453343,2021,64,64.2,1053,
Arrieta, Jake,453562,2021,24,98.2,1746,
Martin, Chris,455119,2021,46,43.1,663,
Price, David,456034,2021,39,73.2,1178,
Cueto, Johnny,456501,2021,22,114.2,1878,
Happ, J.A.,457918,2021,30,152.1,2674,
Lynn, Lance,458681,2021,28,157.0,2608,
Tomlin, Josh,458708,2021,35,49.1,808,
McGee, Jake,459429,2021,62,59.2,878,
Soria, Joakim,465657,2021,41,37.1,605,
Chacin, Jhoulys,468504,2021,46,64.1,1070,
Carrasco, Carlos,471911,2021,12,53.2,889,
Anderson, Brett,474463,2021,24,96.0,1508,
Luetge, Lucas,476595,2021,57,72.1,1241,
Kershaw, Clayton,477132,2021,22,121.2,1806,
Miley, Wade,489119,2021,28,163.0,2592,
Romo, Sergio,489265,2021,66,61.2,1043,
Stammen, Craig,489334,2021,67,88.1,1308,
Valdez, Cesar,491624,2021,39,46.0,757,
Ottavino, Adam,493603,2021,69,62.0,1146,
Guerra, Deolis,500610,2021,53,65.2,1086,
Quintana, Jose,500779,2021,29,63.0,1240,
Pineda, Michael,501381,2021,22,109.1,1707,
Alvarez, Jose,501625,2021,67,64.2,970,
Smith, Joe,501925,2021,50,39.2,650,
Minor, Mike,501985,2021,28,158.2,2621,
Gibson, Kyle,502043,2021,31,182.0,2881,
Cobb, Alex,502171,2021,18,93.1,1579,
Espino, Paolo,502179,2021,35,109.2,1735,
Boxberger, Brad,502202,2021,71,64.2,1074,
Cahill, Trevor,502239,2021,9,37.0,665,
Anderson, Chase,502624,2021,14,48.0,852,
Holland, Derek,502706,2021,39,49.2,835,
Peralta, Wily,503449,2021,19,93.2,1554,
Dolis, Rafael,503569,2021,39,32.0,605,
Darvish, Yu,506433,2021,30,166.1,2769,
Colome, Alex,517008,2021,67,65.0,1102,
Bumgarner, Madison,518516,2021,26,146.1,2294,
Cishek, Steve,518553,2021,74,68.1,1255,
Diekman, Jake,518617,2021,67,60.2,1118,
Duffy, Danny,518633,2021,13,61.0,1009,
Harvey, Matt,518774,2021,28,127.2,2232,
Holland, Greg,518813,2021,57,55.2,997,
Kelly, Merrill,518876,2021,27,158.0,2425,
Kimbrel, Craig,518886,2021,63,59.2,1008,
Moore, Matt,519043,2021,24,73.0,1254,
Pressly, Ryan,519151,2021,64,64.0,956,
Sale, Chris,519242,2021,9,42.2,736,
Smith, Will,519293,2021,71,68.0,1079,
Strickland, Hunter,519326,2021,57,58.2,981,
Hendriks, Liam,521230,2021,69,71.0,1131,
Kelly, Joe,523260,2021,48,44.0,712,
Perez, Martin,527048,2021,36,114.0,1860,
Castellanos, Humberto,528748,2021,14,45.2,726,
Shoemaker, Matt,533167,2021,16,60.1,1064,
Cisnero, Jose,542585,2021,67,61.2,1067,
Anderson, Tyler,542881,2021,31,167.0,2602,
Andriese, Matt,542882,2021,34,48.1,855,
Armstrong, Shawn,542888,2021,31,36.0,685,
Bass, Anthony,542914,2021,70,61.1,959,
Bleier, Richard,542947,2021,68,58.0,685,
Cole, Gerrit,543037,2021,30,181.1,2969,
DeSclafani, Anthony,543101,2021,31,167.2,2558,
Eovaldi, Nathan,543135,2021,32,182.1,2927,
Gray, Sonny,543243,2021,26,135.1,2228,
Hand, Brad,543272,2021,68,64.2,1076,
Hendricks, Kyle,543294,2021,32,181.0,2809,
Hudson, Daniel,543339,2021,54,51.2,865,
Lyles, Jordan,543475,2021,32,180.0,2964,
May, Trevor,543507,2021,68,62.2,1117,
McHugh, Collin,543521,2021,37,64.0,972,
Odorizzi, Jake,543606,2021,24,104.2,1847,
Shaw, Bryan,543766,2021,81,77.1,1367,
Familia, Jeurys,544727,2021,65,59.1,1017,
Bauer, Trevor,545333,2021,17,107.2,1787,
Kim, Kwang Hyun,547942,2021,27,106.2,1784,
Ryu, Hyun Jin,547943,2021,31,169.0,2689,
Chapman, Aroldis,547973,2021,61,56.1,1004,
Raley, Brooks,548384,2021,58,49.0,865,
Stripling, Ross,548389,2021,24,101.1,1686,
Kittredge, Andrew,552640,2021,57,71.2,982,
Garcia, Yimi,554340,2021,62,57.2,943,
Wheeler, Zack,554430,2021,32,213.1,3205,
Matzek, Tyler,554431,2021,69,63.0,1065,
Rodriguez, Joely,570257,2021,52,46.1,775,
Valdez, Phillips,570488,2021,28,40.0,684,
Urena, Jose,570632,2021,26,100.2,1695,
Robles, Hansel,570663,2021,72,69.0,1185,
Cessa, Luis,570666,2021,53,64.2,949,
Boyd, Matthew,571510,2021,15,78.2,1273,
Brothers, Rex,571521,2021,57,53.0,998,
Corbin, Patrick,571578,2021,31,171.2,2750,
Farmer, Buck,571656,2021,36,35.1,726,
Floro, Dylan,571670,2021,68,64.0,1076,
Givens, Mychal,571710,2021,54,51.0,873,
Heaney, Andrew,571760,2021,30,129.2,2330,
Loup, Aaron,571901,2021,65,56.2,833,
Matz, Steven,571927,2021,29,150.2,2557,
Mikolas, Miles,571945,2021,9,44.2,709,
Richards, Garrett,572070,2021,40,136.2,2331,
Smith, Burch,572143,2021,31,43.1,678,
Tepera, Ryan,572193,2021,65,61.1,948,
Johnson, Pierce,572955,2021,63,58.2,1045,
Keuchel, Dallas,572971,2021,32,162.0,2726,
Mantiply, Joe,573009,2021,57,39.2,621,
Rogers, Taylor,573124,2021,40,40.1,642,
Stroman, Marcus,573186,2021,33,179.0,2741,
Thielbar, Caleb,573204,2021,59,64.0,1106,
Minaya, Juan,573668,2021,29,40.0,659,
Kikuchi, Yusei,579328,2021,29,157.0,2562,
Foltynewicz, Mike,592314,2021,28,139.0,2236,
Gausman, Kevin,592332,2021,33,192.0,3002,
Gonzalez, Chi Chi,592346,2021,24,101.2,1635,
Gray, Jon,592351,2021,29,149.0,2537,
Hembree, Heath,592390,2021,60,58.0,1090,
Jackson, Luke,592426,2021,71,63.2,1055,
Plutko, Adam,592644,2021,38,56.1,1014,
Ray, Robbie,592662,2021,32,193.1,3141,
Sanchez, Aaron,592717,2021,9,35.1,595,
Shreve, Chasen,592741,2021,57,56.1,935,
Smith, Caleb,592761,2021,45,113.2,2067,
Smyly, Drew,592767,2021,29,126.2,2139,
Stanek, Ryne,592773,2021,72,68.1,1166,
Taillon, Jameson,592791,2021,29,144.1,2372,
Velasquez, Vince,592826,2021,25,94.1,1750,
Walker, Taijuan,592836,2021,30,159.0,2547,
Williams, Trevor,592866,2021,23,91.0,1537,
Rodriguez, Richard,593144,2021,64,64.1,944,
German, Domingo,593334,2021,22,98.1,1579,
Martinez, Carlos,593372,2021,16,82.1,1281,
Montas, Frankie,593423,2021,32,187.0,3028,
Neris, Hector,593576,2021,74,74.1,1243,
Suero, Wander,593833,2021,45,42.2,761,
Rodriguez, Eduardo,593958,2021,32,157.2,2721,
Peralta, Wandy,593974,2021,56,51.0,808,
Mayers, Mike,594577,2021,72,75.0,1236,
deGrom, Jacob,594798,2021,15,92.0,1226,
Gonzales, Marco,594835,2021,25,143.1,2324,
Ponce de Leon, Daniel,594965,2021,24,33.1,653,
Treinen, Blake,595014,2021,72,72.1,1095,
Winkler, Dan,595465,2021,47,39.2,787,
Curtiss, John,595928,2021,41,44.1,703,
Junis, Jakob,596001,2021,16,39.1,627,
Norris, Daniel,596057,2021,56,57.0,989,
Stephenson, Robert,596112,2021,49,46.0,767,
Weaver, Luke,596133,2021,13,65.2,1109,
Gomber, Austin,596295,2021,23,115.1,1851,
Barnes, Matt,598264,2021,60,54.2,919,
Machado, Andres,600921,2021,40,35.2,627,
Pivetta, Nick,601713,2021,31,155.0,2745,
Barlow, Scott,605130,2021,71,74.1,1223,
Bassitt, Chris,605135,2021,27,157.1,2381,
Bradley, Archie,605151,2021,53,51.0,921,
Bundy, Dylan,605164,2021,23,90.2,1524,
Chafin, Andrew,605177,2021,71,68.2,947,
Davies, Zach,605200,2021,32,148.0,2577,
Fulmer, Michael,605242,2021,52,69.2,1183,
Holmes, Clay,605280,2021,69,70.0,1124,
Houser, Adrian,605288,2021,28,142.1,2352,
Lopez, Jorge,605347,2021,33,121.2,2166,
Musgrove, Joe,605397,2021,32,181.1,2938,
Nola, Aaron,605400,2021,32,180.2,2971,
Romano, Jordan,605447,2021,62,63.0,1031,
Ross, Joe,605452,2021,20,108.0,1700,
Snell, Blake,605483,2021,27,128.2,2347,
Springs, Jeffrey,605488,2021,43,44.2,751,
Thompson, Zach,605507,2021,26,75.0,1194,
Turnbull, Spencer,605513,2021,9,50.0,775,
Wendelken, J.B.,605525,2021,46,43.2,749,
Wisler, Matt,605538,2021,48,48.2,787,
Woodruff, Brandon,605540,2021,30,179.1,2810,
Gallegos, Giovanny,606149,2021,73,80.1,1236,
Montero, Rafael,606160,2021,44,49.1,872,
Payamps, Joel,606303,2021,37,50.1,826,
Garcia, Jarlin,606424,2021,58,68.2,1002,
Rodon, Carlos,607074,2021,24,132.2,2219,
Faria, Jake,607188,2021,23,32.2,639,
Glasnow, Tyler,607192,2021,14,88.0,1339,
Fedde, Erick,607200,2021,29,133.1,2410,
Gant, John,607231,2021,39,110.0,1975,
Garrett, Amir,607237,2021,63,47.2,828,
Patton, Spencer,607359,2021,42,42.1,705,
Banda, Anthony,607455,2021,30,33.2,610,
Bummer, Aaron,607481,2021,62,56.1,962,
Freeland, Kyle,607536,2021,23,120.2,1886,
Howard, Sam,607572,2021,54,45.0,846,
Lugo, Seth,607625,2021,46,46.1,730,
Means, John,607644,2021,26,146.2,2328,
Estevez, Carlos,608032,2021,64,61.2,1007,
De Jong, Chase,608328,2021,9,43.2,775,
Fried, Max,608331,2021,28,165.2,2558,
Funkhouser, Kyle,608335,2021,57,68.1,1189,
Giolito, Lucas,608337,2021,31,178.2,2970,
Irvin, Cole,608344,2021,32,178.1,2682,
Sims, Lucas,608371,2021,47,47.0,815,
Wacha, Michael,608379,2021,29,124.2,1974,
Marquez, German,608566,2021,32,180.0,2788,
Chargois, JT,608638,2021,56,53.2,876,
Duffey, Tyler,608648,2021,64,62.1,1053,
Graveman, Kendall,608665,2021,53,56.0,871,
Leone, Dominic,608678,2021,57,53.2,851,
Steckenrider, Drew,608716,2021,62,67.2,1008,
Stratton, Chris,608717,2021,68,79.1,1374,
Suter, Brent,608718,2021,61,73.1,1221,
Voth, Austin,608723,2021,49,57.1,1021,
Castro, Miguel,612434,2021,69,70.1,1228,
Adams, Austin,613534,2021,65,52.2,962,
Ruiz, Jose,614179,2021,59,65.0,1037,
Quantrill, Cal,615698,2021,40,149.2,2357,
Sawamura, Hirokazu,617228,2021,55,53.0,945,
Reyes, Alex,621052,2021,69,72.1,1249,
Kaprielian, James,621076,2021,24,119.1,2024,
Eflin, Zach,621107,2021,18,105.2,1615,
Buehler, Walker,621111,2021,33,207.2,3152,
Blackburn, Paul,621112,2021,9,38.1,681,
Burr, Ryan,621114,2021,34,36.2,593,
McCullers Jr., Lance,621121,2021,28,162.1,2788,
Mills, Alec,621219,2021,32,119.0,1936,
Alvarado, Jose,621237,2021,64,55.2,1045,
Diaz, Edwin,621242,2021,63,62.2,999,
Berrios, Jose,621244,2021,32,192.0,3043,
Underwood Jr., Duane,621249,2021,43,72.2,1177,
Wittgren, Nick,621295,2021,60,62.1,1018,
Minter, A.J.,621345,2021,61,52.1,876,
Clay, Sam,621348,2021,58,45.0,803,
Hearn, Taylor,621368,2021,42,104.1,1726,
Young, Alex,622065,2021,40,52.0,912,
Wood, Alex,622072,2021,26,138.2,2195,
Almonte, Yency,622075,2021,48,47.2,871,
Zimmer, Kyle,622092,2021,52,54.0,934,
Smith, Drew,622098,2021,31,41.1,610,
Sborz, Josh,622250,2021,63,59.0,1079,
Staumont, Josh,622251,2021,64,65.2,1096,
Tate, Dillon,622253,2021,62,67.2,1042,
Castillo, Luis,622491,2021,33,187.2,3164,
Crismatt, Nabil,622503,2021,45,81.1,1337,
Senzatela, Antonio,622608,2021,28,156.2,2405,
Hernandez, Elieser,622694,2021,11,51.2,818,
Diaz, Miguel,622766,2021,25,42.0,695,
Sewald, Paul,623149,2021,62,64.2,1104,
Flexen, Chris,623167,2021,31,179.2,2811,
Hader, Josh,623352,2021,60,58.2,964,
Suarez, Ranger,624133,2021,39,106.0,1614,
Thompson, Keegan,624522,2021,32,53.1,966,
Gonzalez, Victor,624647,2021,44,35.1,557,
Lopez, Reynaldo,625643,2021,20,57.2,938,
Maeda, Kenta,628317,2021,21,106.1,1775,
Iglesias, Raisel,628452,2021,65,70.0,1059,
Urias, Julio,628711,2021,32,185.2,2786,
Crowe, Wil,640444,2021,26,116.2,2171,
Finnegan, Kyle,640448,2021,68,66.0,1209,
Manaea, Sean,640455,2021,32,179.1,2980,
Alzolay, Adbert,640470,2021,29,125.2,1955,
Lopez, Pablo,641154,2021,20,102.2,1669,
Alexander, Tyler,641302,2021,41,106.1,1640,
Bickford, Phil,641360,2021,57,51.1,776,
Bowden, Ben,641386,2021,39,35.2,674,
Brentz, Jake,641394,2021,72,64.0,1106,
Brogdon, Connor,641401,2021,56,57.2,923,
Cortes Jr., Nestor,641482,2021,22,93.0,1524,
Dunning, Dane,641540,2021,27,117.2,1909,
Foster, Matt,641582,2021,37,39.0,729,
Jimenez, Joe,641729,2021,52,45.1,866,
Kay, Anthony,641743,2021,11,33.2,649,
Keller, Brad,641745,2021,26,133.2,2348,
Kinley, Tyler,641755,2021,70,70.1,1143,
Kuhl, Chad,641771,2021,28,80.1,1436,
Lauer, Eric,641778,2021,24,118.2,1956,
Littell, Zack,641793,2021,63,61.2,993,
Mahle, Tyler,641816,2021,33,180.0,3196,
Mayza, Tim,641835,2021,61,53.0,841,
Ober, Bailey,641927,2021,20,92.1,1476,
Pagan, Emilio,641941,2021,67,63.1,1098,
Rogers, Josh,642028,2021,6,35.2,533,
Smith, Riley,642092,2021,24,67.1,1071,
Sulser, Cole,642121,2021,60,63.1,1070,
Taylor, Blake,642130,2021,51,42.2,748,
Trivino, Lou,642152,2021,71,73.2,1177,
Widener, Taylor,642203,2021,23,70.1,1216,
Williams, Devin,642207,2021,58,54.0,993,
Yarbrough, Ryan,642232,2021,30,155.0,2488,
Soto, Gregory,642397,2021,62,63.2,1131,
Loaisiga, Jonathan,642528,2021,57,70.2,1085,
Barria, Jaime,642545,2021,13,56.2,917,
Peralta, Freddy,642547,2021,28,144.1,2356,
Santana, Dennis,642701,2021,55,54.2,909,
Cimber, Adam,643256,2021,72,71.2,1022,
Dunn, Justin,643290,2021,11,50.1,870,
Fry, Paul,643316,2021,52,47.1,872,
Green, Chad,643338,2021,67,83.2,1312,
Jax, Griffin,643377,2021,18,82.0,1394,
Rogers, Tyler,643511,2021,80,81.0,1129,
Alcantara, Sandy,645261,2021,33,205.2,3095,
Pop, Zach,647315,2021,50,54.2,936,
Wells, Alex,649144,2021,11,42.2,754,
Hernandez, Darwinzon,650382,2021,48,40.0,754,
Mejia, J.C.,650496,2021,17,52.1,982,
Garcia, Bryan,650530,2021,39,39.1,731,
Abreu, Bryan,650556,2021,31,36.0,689,
King, Michael,650633,2021,22,63.1,1009,
Civale, Aaron,650644,2021,21,124.1,1909,
Santana, Edgar,650828,2021,41,42.2,610,
Cabrera, Genesis,650893,2021,71,70.0,1195,
Castillo, Diego,650895,2021,61,58.1,936,
Abreu, Albert,656061,2021,28,36.2,642,
Barnes, Charlie,656212,2021,9,38.0,655,
Bielak, Brandon,656232,2021,28,50.0,835,
Canning, Griffin,656288,2021,14,62.2,1080,
Cease, Dylan,656302,2021,32,165.2,2957,
Coonrod, Sam,656322,2021,42,42.1,712,
Feyereisen, J.P.,656420,2021,55,56.0,987,
Flaherty, Jack,656427,2021,17,78.1,1353,
Gilbert, Tyler,656457,2021,9,40.0,600,
Gilbreath, Lucas,656458,2021,47,42.2,731,
Hentges, Sam,656529,2021,30,68.2,1260,
Hoffman, Jeff,656546,2021,31,73.0,1360,
Holloway, Jordan,656548,2021,13,36.0,664,
Houck, Tanner,656557,2021,18,69.0,1149,
Keller, Mitch,656605,2021,23,100.2,1858,
Kopech, Michael,656629,2021,44,69.1,1154,
Lange, Alex,656638,2021,36,35.2,639,
Martin, Brett,656685,2021,66,62.1,918,
Megill, Tylor,656731,2021,18,89.2,1554,
Montgomery, Jordan,656756,2021,30,157.1,2570,
Newcomb, Sean,656794,2021,32,32.1,673,
Peterson, David,656849,2021,15,66.2,1122,
Rasmussen, Drew,656876,2021,35,76.0,1202,
Scott, Tanner,656945,2021,62,54.0,1032,
Sheffield, Justus,656954,2021,21,80.1,1470,
Steele, Justin,657006,2021,20,57.0,964,
Taylor, Josh,657031,2021,61,47.2,791,
Toussaint, Touki,657053,2021,11,50.0,820,
Watkins, Spenser,657093,2021,16,54.2,960,
Webb, Jacob,657097,2021,34,34.1,568,
Webb, Logan,657277,2021,27,148.1,2214,
Hill, Tim,657612,2021,78,59.2,961,
Lamet, Dinelson,659275,2021,22,47.0,832,
Ohtani, Shohei,660271,2021,23,130.1,2027,
Yang, Hyeon-Jong,660365,2021,12,35.1,592,
Ynoa, Huascar,660623,2021,18,91.0,1482,
Suarez, Jose,660761,2021,23,98.1,1650,
Graterol, Brusdar,660813,2021,34,33.1,523,
De Los Santos, Enyel,660853,2021,33,35.1,697,
Alcala, Jorge,660896,2021,59,59.2,869,
Gutierrez, Vladimir,661269,2021,22,114.0,1831,
Clase, Emmanuel,661403,2021,71,69.2,1057,
Thornton, Trent,663423,2021,37,49.0,910,
Rainey, Tanner,663432,2021,38,31.2,665,
Bubic, Kris,663460,2021,29,130.0,2202,
Allard, Kolby,663465,2021,32,124.2,2054,
McKenzie, Triston,663474,2021,25,120.0,1975,
Allen, Logan,663531,2021,14,50.1,874,
Mize, Casey,663554,2021,30,150.1,2357,
McClanahan, Shane,663556,2021,25,123.1,1954,
Santillan, Tony,663574,2021,26,43.1,761,
Neidert, Nick,663734,2021,8,35.2,598,
Lynch, Daniel,663738,2021,15,68.0,1257,
Woodford, Jake,663765,2021,26,67.2,1156,
Sandoval, Patrick,663776,2021,17,87.0,1444,
Kowar, Jackson,663804,2021,9,30.1,631,
Singer, Brady,663903,2021,27,128.1,2287,
Paddack, Chris,663978,2021,23,108.1,1869,
Stephan, Trevor,663986,2021,43,63.1,1210,
Gonsolin, Tony,664062,2021,15,55.2,990,
Ponce, Cody,664074,2021,15,38.1,712,
Fairbanks, Pete,664126,2021,47,42.2,774,
Brubaker, JT,664141,2021,24,124.1,1944,
Lucchesi, Joey,664192,2021,11,38.1,646,
Clarke, Taylor,664199,2021,43,43.1,754,
Maton III, Phil,664208,2021,65,66.2,1174,
Valdez, Framber,664285,2021,22,134.2,2090,
Javier, Cristian,664299,2021,36,101.1,1792,
Urquidy, Jose,664353,2021,20,107.0,1631,
Helsley, Ryan,664854,2021,51,47.1,805,
Keller, Kyle,664918,2021,32,33.1,654,
Misiewicz, Anthony,664948,2021,66,54.2,894,
Kremer, Dean,665152,2021,13,53.2,986,
Anderson, Ian,666120,2021,24,128.1,2175,
Garrett, Braxton,666129,2021,8,34.0,604,
Manning, Matt,666159,2021,18,85.1,1421,
Luzardo, Jesus,666200,2021,25,95.1,1727,
Manoah, Alek,666201,2021,20,111.2,1845,
Muller, Kyle,666205,2021,9,36.2,677,
King, John,667463,2021,27,46.0,696,
Plesac, Zach,668676,2021,25,142.2,2205,
Gallen, Zac,668678,2021,23,121.1,2102,
Kranick, Max,668820,2021,9,38.2,674,
Wilson, Bryse,669060,2021,16,74.0,1136,
Zimmermann, Bruce,669145,2021,14,64.1,1105,
Burnes, Corbin,669203,2021,28,167.0,2594,
Akin, Keegan,669211,2021,24,95.0,1768,
Morgan, Eli,669212,2021,18,89.1,1414,
Gilbert, Logan,669302,2021,24,119.1,2125,
Wells, Tyler,669330,2021,44,57.0,894,
Skubal, Tarik,669373,2021,31,149.1,2547,
Rogers, Trevor,669432,2021,25,133.0,2169,
Bieber, Shane,669456,2021,16,96.2,1559,
Bender, Anthony,669622,2021,60,61.1,973,
Long, Sam,669674,2021,12,40.2,732,
White, Mitch,669952,2021,21,46.2,762,
Bednar, David,670280,2021,61,60.2,934,
Oviedo, Johan,670912,2021,14,62.1,1086,
Richards, Trevor,670950,2021,53,64.1,1061,
Hernandez, Carlos,672578,2021,24,85.2,1434,
Patino, Luis,672715,2021,19,77.1,1365,
Karinchak, James,675916,2021,60,55.1,1032,
Howard, Spencer,675921,2021,19,49.2,936,
Heuer, Codi,676051,2021,65,67.1,1049,
Whitlock, Garrett,676477,2021,46,73.1,1150,
Fleming, Josh,676596,2021,26,104.1,1629,
Vest, Will,676684,2021,32,35.0,607,
Peacock, Matt,676840,2021,35,86.1,1323,
de Geus, Brett,676969,2021,47,50.0,911,
Crochet, Garrett,676979,2021,54,54.1,915,
Garcia, Luis,677651,2021,30,155.1,2502,
Weathers, Ryan,677960,2021,30,94.2,1617,
Dobnak, Randy,677976,2021,14,50.2,765,
Gray, Josiah,680686,2021,14,70.2,1213,
Vesia, Alex,681911,2021,41,40.0,651,
Arihara, Kohei,685503,2021,10,40.2,696,