last_name, first_name,player_id,year,b_total_pa,iz_contact_percent,in_zone_swing,
Pujols, Albert,405395,2022,351,88,410,
Cabrera, Miguel,408234,2022,433,80.6,551,
Molina, Yadier,425877,2022,270,81,379,
Cano, Robinson,429664,2022,104,87.2,133,
Suzuki, Kurt,435559,2022,159,87.4,206,
Cruz Jr., Nelson,443558,2022,507,76.7,690,
Peralta, David,444482,2022,490,85.7,609,
Escobar, Alcides,444876,2022,131,82.4,188,
Longoria, Evan,446334,2022,298,77.5,373,
Blackmon, Charlie,453568,2022,577,83.3,748,
Maldonado, Martin,455117,2022,379,79.7,518,
Chirinos, Robinson,455139,2022,220,77.1,288,
Cain, Lorenzo,456715,2022,156,82.6,230,
Solano, Donovan,456781,2022,304,88,399,
McCutchen, Andrew,457705,2022,580,83.2,820,
Upton, Justin,457708,2022,57,71.4,77,
Turner, Justin,457759,2022,532,83.9,745,
Votto, Joey,458015,2022,376,76.9,520,
Andrus, Elvis,462101,2022,577,85.5,689,
Santana, Carlos,467793,2022,506,82.9,656,
Belt, Brandon,474832,2022,298,75.3,429,
Lowrie, Jed,476704,2022,184,80.8,255,
Brantley Jr., Michael,488726,2022,277,91.1,305,
Castro, Jason,488771,2022,88,61.9,126,
Gurriel, Yuli,493329,2022,584,91.8,646,
Rojas, Miguel,500743,2022,507,92.8,587,
Escobar, Eduardo,500871,2022,542,79.2,717,
Adrianza, Ehire,501303,2022,110,85.2,135,
Lagares, Juan,501571,2022,62,81.1,74,
Pham, Tommy,502054,2022,622,82.8,792,
Martinez, J.D.,502110,2022,596,79,834,
Goldschmidt, Paul,502671,2022,651,78.4,774,
Gonzalez, Marwin,503556,2022,207,85.7,251,
Leon, Sandy,506702,2022,86,80.2,106,
Altuve, Jose,514888,2022,604,88.4,653,
Hernandez, Cesar,514917,2022,617,84.9,823,
Segura, Jean,516416,2022,387,88.4,430,
Marte, Starling,516782,2022,505,82.7,636,
Culberson, Charlie,518586,2022,124,79.4,165,
d'Arnaud, Travis,518595,2022,426,79.5,571,
Donaldson, Josh,518626,2022,546,72.5,698,
Freeman, Freddie,518692,2022,708,85.9,963,
Grandal, Yasmani,518735,2022,376,85.3,463,
Heyward, Jason,518792,2022,151,76.2,181,
LeMahieu, DJ,518934,2022,541,89.1,587,
Moustakas, Mike,519058,2022,285,80.8,391,
Rizzo, Anthony,519203,2022,548,84.7,646,
Romine, Austin,519222,2022,136,75.1,177,
Stanton, Giancarlo,519317,2022,452,71,531,
Vogt, Stephen,519390,2022,191,82.7,214,
Perez, Salvador,521692,2022,473,77.8,550,
Flores, Wilmer,527038,2022,602,87.6,768,
Garcia, Avisail,541645,2022,380,78.4,496,
Bethancourt, Christian,542194,2022,333,73,444,
Ozuna, Marcell,542303,2022,507,80.3,636,
Villar, Jonathan,542340,2022,220,70.3,313,
Ortega, Rafael,542364,2022,371,88.7,476,
Aguilar, Jesus,542583,2022,507,82.2,624,
Berti, Jon,542932,2022,404,83,528,
Crawford, Brandon,543063,2022,458,75.1,643,
Cron, C.J.,543068,2022,632,84,768,
Gomes, Yan,543228,2022,293,88.8,340,
Grossman, Robbie,543257,2022,477,83.9,607,
Harrison, Josh,543281,2022,425,82,579,
Hicks, Aaron,543305,2022,453,79.5,616,
Higashioka, Kyle,543309,2022,248,81.5,330,
Hosmer, Eric,543333,2022,419,90.1,496,
McCann, James,543510,2022,191,82.2,241,
Miller, Brad,543543,2022,241,73.1,324,
Nola, Austin,543592,2022,397,91.3,504,
Rendon, Anthony,543685,2022,193,85,247,
Semien, Marcus,543760,2022,724,87.7,956,
Springer III, George,543807,2022,583,79,824,
Strange-Gordon, Dee,543829,2022,59,86.5,74,
Vazquez, Christian,543877,2022,426,88.2,543,
Wong, Kolten,543939,2022,497,85.7,658,
Gregorius, Didi,544369,2022,232,86.7,323,
Garcia, Leury,544725,2022,315,82.6,447,
Vargas, Ildemaro,545121,2022,222,90.3,257,
Grichuk, Randal,545341,2022,538,85.8,668,
Marisnick, Jake,545350,2022,82,81.2,101,
Stassi, Max,545358,2022,375,73.6,484,
Trout, Mike,545361,2022,499,75.8,673,
Herrera, Odubel,546318,2022,197,89.1,238,
Almora Jr., Albert,546991,2022,235,83,271,
Harper, Bryce,547180,2022,426,80.1,579,
Perez, Roberto,547379,2022,69,74.1,85,
Abreu, Jose,547989,2022,679,85.3,871,
Diaz, Elias,553869,2022,381,87.1,497,
Narvaez, Omar,553882,2022,296,81.3,422,
Astudillo, Willians,553902,2022,55,89.3,56,
Suarez, Eugenio,553993,2022,629,76,804,
Urshela, Gio,570482,2022,551,84.6,697,
Schoop, Jonathan,570731,2022,510,81.2,655,
Arenado, Nolan,571448,2022,620,88.3,716,
Barnhart, Tucker,571466,2022,308,85,399,
Farmer, Kyle,571657,2022,583,89.7,671,
Haniger, Mitch,571745,2022,247,80.2,318,
Hernandez, Enrique,571771,2022,402,85.3,495,
Lamb, Jake,571875,2022,111,79.4,141,
Maile, Luke,571912,2022,206,80.4,271,
Muncy, Max,571970,2022,565,78.4,740,
Myers, Wil,571976,2022,286,76.4,351,
Naquin, Tyler,571980,2022,334,74.6,485,
Owings, Chris,572008,2022,68,68.1,69,
Piscotty, Stephen,572039,2022,139,73.5,185,
Pollock, AJ,572041,2022,527,84.8,665,
Taylor, Michael A.,572191,2022,456,79.7,605,
Thompson, Trayce,572204,2022,255,71.8,362,
Voit III, Luke,572228,2022,568,72.5,792,
Walker, Christian,572233,2022,667,84.4,832,
Zunino, Mike,572287,2022,123,74,150,
Carpenter, Matt,572761,2022,154,81.8,242,
Dickerson, Corey,572816,2022,297,82.9,409,
Ruf, Darin,573131,2022,388,80.6,458,
Yastrzemski, Mike,573262,2022,558,83,749,
Contreras, Willson,575929,2022,487,78.9,602,
Iglesias, Jose,578428,2022,467,92.4,529,
Bryant, Kris,592178,2022,181,86.8,242,
Canha, Mark,592192,2022,542,81.6,684,
Casali, Curt,592200,2022,176,77.8,284,
Castellanos, Nick,592206,2022,558,79.8,742,
Drury, Brandon,592273,2022,568,85.8,684,
Gamel, Ben,592325,2022,423,86.7,526,
Judge, Aaron,592450,2022,696,79.7,879,
Machado, Manny,592518,2022,644,82.3,814,
Moran, Colin,592567,2022,128,83.8,173,
Pederson, Joc,592626,2022,433,84.8,508,
Realmuto, J.T.,592663,2022,562,80.3,731,
Renfroe, Hunter,592669,2022,522,81.3,624,
Rosario, Eddie,592696,2022,270,77.6,312,
Simmons, Andrelton,592743,2022,85,84,94,
Yelich, Christian,592885,2022,671,85,854,
Merrifield, Whit,593160,2022,550,85.6,730,
Bogaerts, Xander,593428,2022,631,81.4,765,
Alberto, Hanser,593643,2022,159,80.4,194,
Polanco, Jorge,593871,2022,445,81.7,557,
Sano, Miguel,593934,2022,71,75.3,97,
Calhoun, Kole,594777,2022,424,72.5,600,
Duvall, Adam,594807,2022,315,78.6,402,
Gosselin, Phil,594838,2022,77,78.8,85,
Kiermaier, Kevin,595281,2022,221,78.8,316,
Alfaro, Jorge,595751,2022,274,72.1,390,
Profar, Jurickson,595777,2022,658,85.5,881,
Baez, Javier,595879,2022,590,77.8,580,
Cave, Jake,595909,2022,177,72.9,247,
Hedges, Austin,595978,2022,338,80.8,416,
Lindor, Francisco,596019,2022,706,85.4,903,
Odor, Rougned,596059,2022,472,79.2,601,
Slater, Austin,596103,2022,325,75.7,411,
Story, Trevor,596115,2022,396,78.5,506,
Stubbs, Garrett,596117,2022,121,85.4,123,
Vogelbach, Daniel,596129,2022,461,86.2,448,
Sanchez, Gary,596142,2022,471,79.5,546,
Kepler, Max,596146,2022,446,87.2,561,
Quinn, Roman,596451,2022,87,71.3,122,
Franco, Maikel,596748,2022,388,78.2,491,
Choi, Ji-Man,596847,2022,419,75.3,570,
Bradley Jr., Jackie,598265,2022,370,74.8,497,
La Stella, Tommy,600303,2022,195,89.8,216,
Candelario, Jeimer,600869,2022,467,81.6,602,
Daza, Yonathan,602074,2022,408,87,493,
Urias, Ramon,602104,2022,445,79,581,
Ahmed, Nick,605113,2022,54,86.8,76,
Anderson, Brian,605119,2022,383,76.8,551,
Barnes, Austin,605131,2022,212,86.2,297,
Bell, Josh,605137,2022,647,83.6,804,
Betts, Mookie,605141,2022,639,91.7,798,
Caratini, Victor,605170,2022,314,88.6,378,
Davis, J.D.,605204,2022,365,67.5,575,
Garcia, Aramis,605244,2022,115,77.4,164,
Machin, Vimael,605353,2022,253,89.3,307,
Perez, Michael,605421,2022,132,80.8,151,
Zimmer, Bradley,605548,2022,117,70.1,157,
Castro, Harold,605612,2022,443,86.4,544,
Arcia, Orlando,606115,2022,234,83.7,282,
Tapia, Raimel,606132,2022,433,85.1,523,
Aquino, Aristides,606157,2022,276,72.8,383,
Hernandez, Teoscar,606192,2022,535,74.9,688,
Mercedes, Yermin,606213,2022,83,80.6,108,
Marte, Ketel,606466,2022,558,83.4,679,
Haase, Eric,606992,2022,351,76.7,443,
Hager, Jake,606993,2022,59,75.6,78,
Nimmo, Brandon,607043,2022,673,85.9,932,
Peterson, Jace,607054,2022,328,81.1,418,
Turner, Trea,607208,2022,708,84.5,907,
Stallings, Jacob,607732,2022,384,87.3,449,
Ramirez, Jose,608070,2022,685,90.1,849,
Bregman, Alex,608324,2022,656,90.5,777,
Gallo, Joey,608336,2022,410,68.4,566,
Kelly, Carson,608348,2022,354,86.2,449,
Seager, Corey,608369,2022,663,85.1,875,
Winker, Jesse,608385,2022,547,85.4,756,
Mazara, Nomar,608577,2022,171,80.5,221,
Jankowski, Travis,608671,2022,64,90.5,74,
Mayfield, Jack,608686,2022,74,84.1,82,
Plawecki, Kevin,608700,2022,186,87.2,227,
Refsnyder, Rob,608701,2022,177,79.6,221,
Reynolds, Matt,608703,2022,272,84.7,300,
Meneses, Joey,608841,2022,240,83.6,311,
Mondesi, Adalberto,609275,2022,54,63.6,77,
Andujar, Miguel,609280,2022,140,83.4,157,
Vosler, Jason,613564,2022,111,82,128,
Cordero, Franchy,614173,2022,275,72.1,355,
Reyes, Franmil,614177,2022,473,74.8,614,
Torrens, Luis,620443,2022,166,84.2,234,
Swanson, Dansby,621020,2022,696,76.2,998,
Newman, Kevin,621028,2022,309,90.3,352,
Taylor, Chris,621035,2022,454,67.6,769,
Correa, Carlos,621043,2022,590,84.7,734,
Phillips, Brett,621433,2022,225,65.5,333,
Taylor, Tyrone,621438,2022,405,84.1,534,
Buxton, Byron,621439,2022,382,75,513,
Bolt, Skye,621450,2022,116,78,159,
Duggar, Steven,621453,2022,80,69.8,106,
Rios, Edwin,621458,2022,92,71.1,121,
Ward, Taylor,621493,2022,564,83.9,716,
Nido, Tomas,621512,2022,313,69.5,406,
Bemboom, Anthony,621532,2022,59,82.5,80,
Wisdom, Patrick,621550,2022,534,73.7,768,
Wendle, Joey,621563,2022,371,89.2,427,
Olson, Matt,621566,2022,699,76.6,993,
Duffy, Matt,622110,2022,247,88.2,313,
Munoz, Yairo,622168,2022,60,85.5,83,
Walton, Donovan,622268,2022,78,91.3,104,
Margot, Manuel,622534,2022,363,83.4,501,
Camargo, Johan,622666,2022,166,80.8,213,
Reyes, Victor,622682,2022,336,73.9,426,
Mateo, Jorge,622761,2022,533,78.1,693,
Heineman, Tyler,623168,2022,174,88,225,
Velazquez, Andrew,623205,2022,349,70.4,524,
Bote, David,623520,2022,127,79.1,153,
Ramirez, Harold,623912,2022,435,83.5,541,
Santander, Anthony,623993,2022,647,86,792,
Alonso, Pete,624413,2022,685,84.3,778,
Arroyo, Christian,624414,2022,300,90.1,382,
Biggio, Cavan,624415,2022,303,80.3,416,
Frazier, Adam,624428,2022,602,90.6,756,
Trevino, Jose,624431,2022,353,84.8,368,
Gordon, Nick,624503,2022,443,79.6,624,
McGuire, Reese,624512,2022,274,87.7,310,
Soler, Jorge,624585,2022,306,76.9,411,
Sosa, Edmundo,624641,2022,190,82.6,218,
Heredia, Guillermo,628338,2022,82,70,130,
Hernandez, Yadiel,628450,2022,327,76.3,459,
Ibanez, Andy,628451,2022,128,89.8,157,
Cronenworth, Jake,630105,2022,684,88.6,840,
Meadows, Austin,640457,2022,147,91.5,177,
Mercado, Oscar,640458,2022,128,83.1,189,
Pinder, Chad,640461,2022,379,72.5,546,
Azocar, Jose,640492,2022,216,79.9,269,
Anderson, Tim,641313,2022,351,84.6,415,
Bellinger, Cody,641355,2022,550,77.5,785,
Calhoun, Willie,641432,2022,62,87.9,66,
Collins, Zack,641470,2022,108,74.8,151,
Crawford, J.P.,641487,2022,603,90.4,770,
Davis, Jonathan,641505,2022,91,81.4,113,
Delay, Jason,641511,2022,167,75.9,261,
Demeritte, Travis,641513,2022,96,65.8,120,
Dozier, Hunter,641531,2022,500,85.2,634,
Engel, Adam,641553,2022,260,75.8,327,
Fraley, Jake,641584,2022,247,84,324,
Garver, Mitch,641598,2022,215,80.3,300,
Guillorme, Luis,641645,2022,335,91,421,
Hampson, Garrett,641658,2022,226,81.3,273,
Heim, Jonah,641680,2022,450,84.3,626,
Hermosillo, Michael,641684,2022,73,72.5,91,
Leblanc, Charles,641779,2022,169,85.3,211,
Lewis, Kyle,641786,2022,62,70,80,
Mancini III, Trey,641820,2022,587,81.3,770,
McKinney, Billy,641856,2022,57,81,79,
McMahon, Ryan,641857,2022,597,79.1,844,
Neuse, Sheldon,641914,2022,293,84,405,
O'Neill, Tyler,641933,2022,383,76.3,527,
Robinson, Chuckie,642020,2022,60,83.8,80,
Smith, Dominic,642086,2022,152,84.7,183,
Tellez, Rowdy,642133,2022,599,83.3,706,
Thaiss, Matt,642136,2022,81,74.1,112,
VanMeter, Josh,642165,2022,192,85.7,244,
Wade, Tyler,642180,2022,163,82,217,
White, Eli,642201,2022,117,68.2,157,
Mejia, Francisco,642336,2022,299,85,367,
Siri, Jose,642350,2022,325,73.2,407,
Sierra, Magneuris,642423,2022,96,79,124,
Barrera, Luis,642456,2022,85,82.5,114,
Rosario, Amed,642708,2022,670,84.6,781,
Adames, Willy,642715,2022,617,79.9,837,
Alcantara, Sergio,642727,2022,224,83.9,280,
Estrada, Thairo,642731,2022,541,87.5,633,
Wynns, Austin,642851,2022,177,86.6,201,
Benintendi, Andrew,643217,2022,521,81.7,712,
Cooper, Garrett,643265,2022,469,83.2,553,
Dubon, Mauricio,643289,2022,265,86,343,
Jansen, Danny,643376,2022,248,83.2,339,
Kemp, Tony,643393,2022,558,89.7,702,
Kiner-Falefa, Isiah,643396,2022,531,93.8,577,
McNeil, Jeff,643446,2022,589,87.1,814,
Schwindel, Frank,643524,2022,292,79.3,401,
Chang, Yu,644374,2022,190,81,252,
Albies, Ozzie,645277,2022,269,84.9,337,
Robles, Victor,645302,2022,407,78.5,536,
Herrera, Jose,645444,2022,124,83,147,
Ford, Mike,645801,2022,149,85.2,149,
Devers, Rafael,646240,2022,614,77.7,781,
Naylor, Josh,647304,2022,498,87.1,583,
Toro, Abraham,647351,2022,352,84.7,426,
Diaz, Aledmys,649557,2022,327,83.7,412,
Urias, Luis,649966,2022,472,80.4,624,
Diaz, Lewin,650331,2022,174,80.5,210,
Arraez, Luis,650333,2022,603,93.9,732,
Palacios, Jermaine,650339,2022,77,74.8,115,
Jimenez, Eloy,650391,2022,327,77.5,378,
Torres, Gleyber,650402,2022,572,77.7,791,
Castro, Willi,650489,2022,392,81,547,
Diaz, Yandy,650490,2022,558,90.4,677,
De La Cruz, Bryan,650559,2022,355,78.7,447,
Viloria, Meibrys,650619,2022,75,66.3,101,
Rengifo, Luis,650859,2022,511,85.8,690,
Pinto, Rene,650907,2022,83,73,122,
Adams, Riley,656180,2022,155,81.5,168,
Allen, Greg,656185,2022,134,76.8,181,
Bouchard, Sean,656248,2022,97,77.4,115,
Chapman, Matt,656305,2022,621,76,847,
Chavis, Michael,656308,2022,426,79.1,579,
Fairchild, Stuart,656413,2022,110,72.6,168,
Garrett, Stone,656448,2022,84,69.4,121,
Hill, Derek,656537,2022,92,77.5,102,
Hilliard, Sam,656541,2022,200,70.9,296,
Hoskins, Rhys,656555,2022,672,82.7,875,
Joe, Connor,656582,2022,467,85.2,567,
Luplow, Jordan,656669,2022,234,77.1,358,
Matijevic, J.J.,656695,2022,71,78.7,89,
McKinstry, Zach,656716,2022,185,86.6,253,
Mullins II, Cedric,656775,2022,672,81.9,912,
O'Hearn, Ryan,656811,2022,145,86.8,189,
Rivera, Emmanuel,656896,2022,359,83.8,475,
Schwarber, Kyle,656941,2022,669,77.1,847,
Smith, Pavin,656976,2022,277,85.7,300,
Thomas, Lane,657041,2022,548,85.3,695,
Tucker, Cole,657061,2022,63,80.4,92,
Verdugo, Alex,657077,2022,644,90.4,830,
Wong, Connor,657136,2022,56,79.7,69,
DeJong, Paul,657557,2022,237,73.2,339,
Laureano, Ramon,657656,2022,383,79.7,482,
Papierski, Michael,657709,2022,103,85.8,120,
Sheets, Gavin,657757,2022,410,84.5,515,
Olivares, Edward,658668,2022,174,82.1,235,
Moncada, Yoan,660162,2022,433,81.5,569,
Ohtani, Shohei,660271,2022,666,76.9,878,
Tsutsugo, Yoshi,660294,2022,193,86.3,263,
Castillo, Diego,660636,2022,283,81,327,
Brujan, Vidal,660644,2022,162,85.9,206,
Garcia, Dermis,660650,2022,125,67.6,188,
Acuna Jr., Ronald,660670,2022,533,80.4,762,
Ruiz, Keibert,660688,2022,433,91,532,
Montero, Elehuris,660707,2022,185,78.3,226,
Gonzalez, Oscar,660757,2022,382,82.1,480,
Yepez, Juan,660766,2022,274,83.7,363,
Sanchez, Jesus,660821,2022,343,81,415,
Park, Hoy,660829,2022,60,82.4,68,
Contreras, William,661388,2022,376,74.2,450,
Serven, Brian,661531,2022,205,78.9,285,
Varsho, Daulton,662139,2022,592,78.2,834,
Nootbaar, Lars,663457,2022,347,80.5,394,
Nevin, Tyler,663527,2022,184,81.5,265,
Hoerner, Nico,663538,2022,517,92.6,579,
Riley, Austin,663586,2022,693,81.3,943,
Madrigal, Nick,663611,2022,228,93.4,259,
Larnach, Trevor,663616,2022,180,73.3,206,
Mountcastle, Ryan,663624,2022,609,78,824,
McKenna, Ryan,663630,2022,172,72.8,235,
Hayes, Ke'Bryan,663647,2022,560,89.3,647,
Tucker, Kyle,663656,2022,609,86.5,894,
Cameron, Daz,663662,2022,70,80,90,
India, Jonathan,663697,2022,431,84.9,510,
Bart, Joey,663698,2022,291,70.4,368,
Raleigh, Cal,663728,2022,415,75.4,589,
Fortes, Nick,663743,2022,240,85.6,271,
Grisham, Trent,663757,2022,524,78.5,633,
Vierling, Matt,663837,2022,357,86.9,434,
Rivas III, Alfonso,663845,2022,287,84,369,
Gonzalez, Romy,663853,2022,109,71.5,144,
Stephenson, Tyler,663886,2022,183,82.4,227,
Williams, Luke,663897,2022,136,77.8,194,
Rodgers, Brendan,663898,2022,581,84.6,753,
Lowe, Nathaniel,663993,2022,645,82.1,962,
Happ, Ian,664023,2022,641,79.5,904,
Mathias, Mark,664029,2022,91,70,110,
France, Ty,664034,2022,613,90.2,787,
Lowe, Brandon,664040,2022,266,75.9,381,
Bader, Harrison,664056,2022,313,88.1,345,
Fletcher, David,664058,2022,228,92.8,251,
Haggerty, Sam,664059,2022,201,75.8,260,
Moore, Dylan,664238,2022,255,76.7,330,
Garlick, Kyle,664247,2022,162,75.3,190,
Lopez, Alejo,664670,2022,156,88.8,205,
Straw, Myles,664702,2022,596,91.7,743,
Isbel, Kyle,664728,2022,278,84,343,
Higgins, P.J.,664731,2022,229,84.6,266,
Bohm, Alec,664761,2022,631,83.9,807,
Wade Jr., LaMonte,664774,2022,251,87.6,323,
Mazeika, Patrick,664850,2022,72,90,90,
Zavala, Seby,664874,2022,205,73.4,323,
Mendick, Danny,664901,2022,106,78.3,138,
Brown, Seth,664913,2022,555,81.5,726,
McCarthy, Jake,664983,2022,354,78,491,
Clemens, Kody,665019,2022,127,80.3,188,
Walsh, Jared,665120,2022,454,79.2,601,
Maton, Nick,665155,2022,85,77.6,116,
Pena, Jeremy,665161,2022,558,83.6,701,
Celestino, Gilberto,665482,2022,347,82.6,470,
Guerrero Jr., Vladimir,665489,2022,706,83.7,872,
Pache, Cristian,665506,2022,260,77.6,339,
Soto, Juan,665742,2022,664,86,728,
Taveras, Leody,665750,2022,341,79.9,417,
Cabrera, Oswaldo,665828,2022,171,82.3,248,
Cruz, Oneil,665833,2022,361,79.7,345,
Chisholm Jr., Jazz,665862,2022,241,74.6,319,
Gimenez, Andres,665926,2022,557,79.6,683,
Aranda, Jonathan,666018,2022,87,84.6,104,
Jones, Nolan,666134,2022,94,70.3,128,
Kirilloff, Alex,666135,2022,156,85.1,215,
Lowe, Josh,666139,2022,198,70.5,288,
Lux, Gavin,666158,2022,471,84.7,562,
Moniak, Mickey,666160,2022,112,77.4,137,
Adell, Jo,666176,2022,285,69.7,403,
Beer, Seth,666179,2022,126,76.7,159,
Benson, Will,666181,2022,61,79.2,72,
Bichette, Bo,666182,2022,697,85.2,957,
Carlson, Dylan,666185,2022,488,79.3,663,
Trammell, Taylor,666211,2022,117,77.7,148,
Encarnacion, Jerar,666464,2022,81,65.9,132,
Morel, Christopher,666624,2022,425,65.2,581,
Castro, Rodolfo,666801,2022,278,75.9,352,
Dalbec, Bobby,666915,2022,353,75.6,459,
Garcia, Adolis,666969,2022,657,73.4,834,
Gurriel Jr., Lourdes,666971,2022,493,85.6,624,
Arozarena, Randy,668227,2022,645,78.5,743,
Pratto, Nick,668472,2022,182,76,254,
Barrera, Tres,668663,2022,53,88.1,67,
Bleday, JJ,668709,2022,238,77.8,352,
Steer, Spencer,668715,2022,108,85.6,125,
Baddoo, Akil,668731,2022,225,79.3,300,
Mitchell, Cal,668751,2022,232,83.8,291,
Knizner, Andrew,668800,2022,293,85.2,352,
Reynolds, Bryan,668804,2022,614,84.1,767,
Capel, Conner,668843,2022,59,78.5,79,
Rutschman, Adley,668939,2022,470,88.5,563,
Rojas, Josh,668942,2022,510,83.5,630,
Kreidler, Ryan,668952,2022,84,80.5,128,
Mitchell, Garrett,669003,2022,68,76.9,117,
Melendez Jr., MJ,669004,2022,534,79.3,709,
Marsh, Brandon,669016,2022,461,77.7,574,
Stowers, Kyle,669065,2022,98,79.4,141,
Huff, Sam,669087,2022,132,72.7,172,
Langeliers, Shea,669127,2022,153,67.9,212,
Campusano, Luis,669134,2022,50,80.7,57,
Murphy, Sean,669221,2022,612,82.8,806,
Senzel, Nick,669222,2022,420,85.3,489,
Edman, Tommy,669242,2022,630,87.8,730,
Solak, Nick,669256,2022,95,79.5,112,
Smith, Will,669257,2022,578,83.9,759,
Suwinski, Jack,669261,2022,372,79.4,491,
Espinal, Santiago,669289,2022,491,88.3,635,
Miranda, Jose,669304,2022,483,85,622,
Thompson, Bubba,669352,2022,181,68.8,256,
Gorman, Nolan,669357,2022,313,74,450,
Hiura, Keston,669374,2022,266,67.6,389,
Burger, Jake,669394,2022,183,76.9,234,
Allen, Nick,669397,2022,326,84.5,426,
Hummel, Cooper,669450,2022,201,81.6,261,
Smith, Josh H.,669701,2022,253,81.9,320,
Hays, Austin,669720,2022,582,87.5,650,
Hall, Darick,669742,2022,142,77.2,197,
Call, Alex,669743,2022,131,80.7,181,
Toglia, Michael,669911,2022,120,76.1,163,
Lopez, Nicky,670032,2022,480,86.3,604,
Raley, Luke,670042,2022,72,71.8,103,
Wallner, Matt,670242,2022,65,65.8,79,
Stevenson, Cal,670276,2022,71,78.8,85,
Rojas, Jose,670351,2022,57,77.3,88,
Alvarez, Yordan,670541,2022,561,87.4,643,
Paredes, Isaac,670623,2022,381,89,473,
Brosseau, Mike,670712,2022,160,72.4,225,
Walls, Taylor,670764,2022,466,78.9,631,
Gonzalez, Luis,670768,2022,350,82,506,
Friedl Jr., TJ,670770,2022,258,85,314,
Soto, Livan,670869,2022,59,88.5,87,
Kennedy, Buddy,671083,2022,94,82.2,118,
Casas, Triston,671213,2022,95,79.7,118,
Waters, Drew,671221,2022,109,75.3,146,
Garcia, Luis,671277,2022,377,80.5,425,
Freeman, Tyler,671289,2022,86,87.4,111,
Harris II, Michael,671739,2022,441,83.7,528,
Kelenic, Jarred,672284,2022,181,72.5,244,
Arias, Gabriel,672356,2022,57,73.1,67,
Kirk, Alejandro,672386,2022,541,89.3,638,
Diaz, Jordan,672478,2022,51,84.3,83,
Moreno, Gabriel,672515,2022,73,86.8,91,
Perdomo, Geraldo,672695,2022,500,83.7,639,
Peraza, Oswald,672724,2022,57,90.2,61,
Marcano, Tucupita,672779,2022,177,86.5,229,
Robert, Luis,673357,2022,401,82.6,511,
Kim, Ha-Seong,673490,2022,582,85.8,739,
Suzuki, Seiya,673548,2022,446,84.1,529,
Jung, Josh,673962,2022,102,80.4,112,
Smith, Kevin,675656,2022,151,78,200,
Velazquez, Nelson,676369,2022,206,70.3,279,
Clement, Ernie,676391,2022,179,86.4,206,
Burleson, Alec,676475,2022,53,80.6,67,
Barrero, Jose,676480,2022,174,77.4,235,
Contreras, Mark,676628,2022,61,73.2,97,
Madris, Bligh,676632,2022,123,79.3,169,
Meyers, Jake,676694,2022,160,77.1,201,
Trejo, Alan,676701,2022,125,82.9,170,
McCormick, Chas,676801,2022,407,74.1,517,
MacKinnon, David,676950,2022,57,83.8,74,
Franco, Wander,677551,2022,344,92.5,438,
Rodriguez, Julio,677594,2022,560,80.1,663,
Duran, Ezequiel,677649,2022,220,76.5,285,
Thomas, Alek,677950,2022,411,81.6,490,
Witt Jr., Bobby,677951,2022,632,82.1,789,
Groshans, Jordan,677954,2022,65,89.4,85,
Vargas, Miguel,678246,2022,50,77.6,76,
Torkelson, Spencer,679529,2022,404,82.1,541,
Vavra, Terrin,679631,2022,103,83.2,143,
Palacios, Richie,680700,2022,123,87.4,183,
Kwan, Steven,680757,2022,638,93.7,746,
Duran, Jarren,680776,2022,223,82.6,299,
Jeffers, Ryan,680777,2022,236,82.8,314,
Burdick, Peyton,680814,2022,102,77,148,
Miller, Owen,680911,2022,472,88.2,549,
Donovan, Brendan,680977,2022,468,90.4,534,
Stott, Bryson,681082,2022,466,86.1,588,
Bride, Jonah,681146,2022,187,89.1,184,
Carpenter, Kerry,681481,2022,113,81.5,157,
Villar, David,681584,2022,181,73.5,249,
Eaton, Nate,681987,2022,122,82.7,162,
Abrams, CJ,682928,2022,302,83.7,368,
Greene, Riley,682985,2022,418,82.2,534,
Carroll, Corbin,682998,2022,115,77.9,145,
Henderson, Gunnar,683002,2022,132,78.5,172,
Stefanic, Michael,683021,2022,69,86.1,79,
Vaughn, Andrew,683734,2022,555,87.8,637,
Pasquantino, Vinnie,686469,2022,298,90.4,333,
Massey, Michael,686681,2022,194,75.4,264,
Grissom, Vaughn,687093,2022,156,83.8,198,
Pujols, Albert,405395,2021,296,88.7,344,
Cabrera, Miguel,408234,2021,526,81.9,692,
Rivera, Rene,425784,2021,78,72.8,103,
Wainwright, Adam,425794,2021,74,75,96,
Molina, Yadier,425877,2021,473,82.7,623,
Suzuki, Kurt,435559,2021,247,85.7,315,
Cruz Jr., Nelson,443558,2021,584,77.4,760,
Peralta, David,444482,2021,538,86.4,677,
Pina, Manny,444489,2021,208,88.1,243,
Escobar, Alcides,444876,2021,349,83.4,475,
Longoria, Evan,446334,2021,291,79.8,387,
Morton, Charlie,450203,2021,62,67.2,67,
Lester, Jon,452657,2021,51,73.2,71,
Cabrera, Asdrubal,452678,2021,352,82.1,468,
Scherzer, Max,453286,2021,63,62.1,95,
Blackmon, Charlie,453568,2021,582,85.4,738,
Maldonado, Martin,455117,2021,426,79.1,560,
Chirinos, Robinson,455139,2021,112,73.8,160,
Cain, Lorenzo,456715,2021,286,88.2,381,
Solano, Donovan,456781,2021,344,86.9,458,
McCutchen, Andrew,457705,2021,574,81.1,745,
Upton, Justin,457708,2021,362,75.2,495,
Turner, Justin,457759,2021,612,86.8,813,
Posey III, Buster,457763,2021,454,79.7,585,
Votto, Joey,458015,2021,533,77.6,727,
Gardner, Brett,458731,2021,461,85.7,600,
Joyce, Matt,459964,2021,69,73.9,92,
Romine, Andrew,461865,2021,64,81.3,91,
Andrus, Elvis,462101,2021,541,89.2,677,
Sandoval, Pablo,467055,2021,86,75.4,114,
Ramos, Wilson,467092,2021,163,82.6,219,
Santana, Carlos,467793,2021,659,83.2,852,
Parra, Gerardo,467827,2021,107,79,143,
Mercer, Jordy,474568,2021,127,87.6,161,
Belt, Brandon,474832,2021,381,73.9,594,
Zimmerman, Ryan,475582,2021,273,81.3,316,
Lowrie, Jed,476704,2021,512,81.7,747,
Avila, Alex,488671,2021,111,66.4,143,
Brantley Jr., Michael,488726,2021,508,92.7,631,
Castro, Jason,488771,2021,179,68.6,239,
Miley, Wade,489119,2021,59,78.1,73,
Gurriel, Yuli,493329,2021,605,91.2,659,
Rojas, Miguel,500743,2021,539,88.6,642,
Escobar, Eduardo,500871,2021,599,81.6,825,
Adrianza, Ehire,501303,2021,209,85.9,284,
Lagares, Juan,501571,2021,327,81.4,413,
Almonte, Abraham,501659,2021,175,84.2,240,
Davis, Khris,501981,2021,114,69.1,188,
Pham, Tommy,502054,2021,561,83.4,717,
Martinez, J.D.,502110,2021,634,79.1,885,
Reddick, Josh,502210,2021,158,90,221,
Freeman, Mike,502273,2021,65,71.9,89,
Dyson, Jarrod,502481,2021,149,81.6,206,
Goldschmidt, Paul,502671,2021,679,78.8,858,
Gonzalez, Marwin,503556,2021,307,83,359,
Darvish, Yu,506433,2021,55,68.1,69,
Leon, Sandy,506702,2021,220,82.2,275,
Altuve, Jose,514888,2021,678,89.4,773,
Hernandez, Cesar,514917,2021,637,83,830,
Segura, Jean,516416,2021,567,87.5,738,
Castro, Starlin,516770,2021,346,84.6,423,
Marte, Starling,516782,2021,526,82.2,663,
Bumgarner, Madison,518516,2021,52,58,69,
Culberson, Charlie,518586,2021,271,77.6,343,
d'Arnaud, Travis,518595,2021,229,83.4,343,
Donaldson, Josh,518626,2021,543,77.4,708,
Freeman, Freddie,518692,2021,695,82.7,1025,
Grandal, Yasmani,518735,2021,375,82.9,385,
Heyward, Jason,518792,2021,353,87.9,397,
Kelly, Merrill,518876,2021,58,54.2,59,
LeMahieu, DJ,518934,2021,679,90.2,824,
Moreland, Mitch,519048,2021,252,79.8,342,
Moustakas, Mike,519058,2021,206,82.5,257,
Rizzo, Anthony,519203,2021,576,84.4,704,
Romine, Austin,519222,2021,62,79.2,77,
Sogard, Eric,519299,2021,180,92.9,224,
Stanton, Giancarlo,519317,2021,579,76.5,695,
Vogt, Stephen,519390,2021,238,79.7,320,
Galvis, Freddy,520471,2021,394,84.3,496,
Perez, Salvador,521692,2021,665,79.2,788,
Flores, Wilmer,527038,2021,436,87.7,563,
Garcia, Avisail,541645,2021,515,74.5,671,
Inciarte, Ender,542255,2021,89,85.9,128,
Ozuna, Marcell,542303,2021,208,79.1,268,
Villar, Jonathan,542340,2021,505,77.5,690,
Ortega, Rafael,542364,2021,330,85.4,426,
Santana, Danny,542454,2021,127,71.4,203,
Aguilar, Jesus,542583,2021,510,82.9,632,
Berti, Jon,542932,2021,271,84.9,357,
Crawford, Brandon,543063,2021,549,79.5,794,
Cron, C.J.,543068,2021,547,80.8,665,
DeSclafani, Anthony,543101,2021,62,65.3,72,
Dickerson, Alex,543105,2021,312,80.4,424,
Gomes, Yan,543228,2021,375,87.6,469,
Grossman, Robbie,543257,2021,671,84,851,
Harrison, Josh,543281,2021,558,84.9,709,
Hendricks, Kyle,543294,2021,61,72.3,65,
Hicks, Aaron,543305,2021,126,78.7,155,
Higashioka, Kyle,543309,2021,211,78.7,268,
Hosmer, Eric,543333,2021,565,85.5,692,
McCann, James,543510,2021,412,82.3,530,
Miller, Brad,543543,2021,377,75.6,516,
Nola, Austin,543592,2021,194,91.8,256,
Rendon, Anthony,543685,2021,249,87.8,336,
Semien, Marcus,543760,2021,724,85.6,1003,
Shaw, Travis,543768,2021,250,80.6,356,
Springer III, George,543807,2021,342,81,441,
Vazquez, Christian,543877,2021,498,87.5,622,
Wong, Kolten,543939,2021,492,88.2,620,
Gregorius, Didi,544369,2021,408,80.6,604,
Garcia, Leury,544725,2021,474,83.9,608,
Vargas, Ildemaro,545121,2021,83,84.7,98,
Grichuk, Randal,545341,2021,545,87,713,
Marisnick, Jake,545350,2021,198,75.2,262,
Stassi, Max,545358,2021,319,74,423,
Trout, Mike,545361,2021,146,79,186,
Herrera, Odubel,546318,2021,492,84.5,647,
Alford, Anthony,546990,2021,148,71.5,186,
Almora Jr., Albert,546991,2021,54,83.6,67,
Ruiz, Rio,547004,2021,141,77,204,
Harper, Bryce,547180,2021,599,74.8,814,
Perez, Roberto,547379,2021,161,73.3,225,
Abreu, Jose,547989,2021,659,82.6,817,
Diaz, Elias,553869,2021,371,84.7,489,
Narvaez, Omar,553882,2021,445,85.7,587,
Astudillo, Willians,553902,2021,216,92.1,242,
Suarez, Eugenio,553993,2021,574,81.1,731,
Wheeler, Zack,554430,2021,73,63.4,82,
Polanco, Gregory,570256,2021,382,80.1,502,
Gonzalez, Erik,570481,2021,229,84.9,304,
Urshela, Gio,570482,2021,442,81.5,606,
Schoop, Jonathan,570731,2021,674,84.3,887,
Arenado, Nolan,571448,2021,653,89.6,763,
Barnhart, Tucker,571466,2021,388,80.1,542,
Corbin, Patrick,571578,2021,63,70.5,88,
Farmer, Kyle,571657,2021,529,88.5,618,
Goodwin, Brian,571718,2021,271,79.8,366,
Hamilton, Billy,571740,2021,135,75.8,198,
Haniger, Mitch,571745,2021,691,79.9,877,
Hernandez, Enrique,571771,2021,585,85.8,713,
Holt, Brock,571788,2021,260,85.6,313,
Lamb, Jake,571875,2021,170,80.6,227,
Muncy, Max,571970,2021,592,83.2,721,
Myers, Wil,571976,2021,500,74.3,646,
Naquin, Tyler,571980,2021,454,83.9,647,
Owings, Chris,572008,2021,50,62.1,66,
Piscotty, Stephen,572039,2021,188,79.5,259,
Pollock, AJ,572041,2021,422,85.9,525,
Seager, Kyle,572122,2021,670,79.3,873,
Taylor, Michael A.,572191,2021,528,76.6,762,
Voit III, Luke,572228,2021,241,69.9,336,
Walker, Christian,572233,2021,445,79.3,695,
Zunino, Mike,572287,2021,375,69.7,488,
Carpenter, Matt,572761,2021,249,74.9,347,
Dickerson, Corey,572816,2021,365,77,534,
Garneau, Dustin,572863,2021,68,74.7,95,
Ruf, Darin,573131,2021,312,83.6,383,
Stroman, Marcus,573186,2021,58,58.2,67,
Yastrzemski, Mike,573262,2021,532,80.2,728,
Contreras, Willson,575929,2021,483,76.9,606,
Iglesias, Jose,578428,2021,511,89.3,591,
Torreyes, Ronald,591720,2021,344,90.4,436,
Valera, Breyvic,591971,2021,97,92.3,117,
Bryant, Kris,592178,2021,586,82.3,773,
Canha, Mark,592192,2021,625,84.6,791,
Casali, Curt,592200,2021,231,77.3,326,
Castellanos, Nick,592206,2021,585,79.8,742,
DeShields, Delino,592261,2021,58,77.6,85,
Drury, Brandon,592273,2021,88,86.8,106,
Gamel, Ben,592325,2021,400,83,524,
Gausman, Kevin,592332,2021,62,64.6,79,
Goodrum, Niko,592348,2021,325,70.6,459,
Gray, Jon,592351,2021,50,51.6,64,
Jones, JaCoby,592444,2021,105,69.8,139,
Judge, Aaron,592450,2021,633,79.9,775,
Machado, Manny,592518,2021,640,85.7,729,
Marmolejos, Jose,592530,2021,122,77.2,158,
Moran, Colin,592567,2021,359,79.3,445,
Pederson, Joc,592626,2021,481,79.5,611,
Ramos, Henry,592656,2021,55,87.3,79,
Realmuto, J.T.,592663,2021,537,78.2,708,
Renfroe, Hunter,592669,2021,572,81.1,688,
Rosario, Eddie,592696,2021,412,84.5,517,
Simmons, Andrelton,592743,2021,451,87.7,503,
Walker, Taijuan,592836,2021,51,55.4,65,
Wilkerson, Stevie,592859,2021,76,76.5,102,
Yelich, Christian,592885,2021,475,83.2,642,
Merrifield, Whit,593160,2021,720,85.9,924,
Bogaerts, Xander,593428,2021,603,84.4,731,
Rivas, Webster,593590,2021,77,88.2,85,
Alberto, Hanser,593643,2021,255,89.6,328,
Polanco, Jorge,593871,2021,644,87.5,854,
Sano, Miguel,593934,2021,532,74.1,663,
Difo, Wilmer,594694,2021,240,74.4,371,
Calhoun, Kole,594777,2021,182,75.1,285,
Duvall, Adam,594807,2021,555,80.7,705,
Eaton, Adam,594809,2021,288,82.4,370,
Gosselin, Phil,594838,2021,373,86.1,424,
Kiermaier, Kevin,595281,2021,390,76.3,536,
Knapp, Andrew,595284,2021,159,69.5,233,
Wallach, Chad,595453,2021,66,67.9,84,
Alfaro, Jorge,595751,2021,311,78.7,389,
Profar, Jurickson,595777,2021,412,86,563,
Baez, Javier,595879,2021,547,70.3,620,
Cave, Jake,595909,2021,178,78.3,249,
Evans, Phillip,595943,2021,247,85.9,284,
Gallagher, Cam,595956,2021,124,92.8,152,
Hedges, Austin,595978,2021,312,77.6,438,
Lindor, Francisco,596019,2021,524,82.2,707,
Nogowski Jr., John,596056,2021,143,90.9,209,
Odor, Rougned,596059,2021,361,77.2,473,
Slater, Austin,596103,2021,306,75.7,412,
Story, Trevor,596115,2021,595,82.1,837,
Vogelbach, Daniel,596129,2021,258,85.2,284,
Sanchez, Gary,596142,2021,440,76.8,573,
Kepler, Max,596146,2021,490,83.7,643,
Quinn, Roman,596451,2021,62,67.9,81,
Franco, Maikel,596748,2021,403,83.8,470,
Garcia, Robel,596825,2021,117,66,144,
Choi, Ji-Man,596847,2021,305,74.2,414,
Bradley Jr., Jackie,598265,2021,428,74.7,577,
La Stella, Tommy,600303,2021,242,89.5,313,
Severino, Pedro,600474,2021,419,81.2,570,
Nunez, Renato,600524,2021,55,84.3,70,
Candelario, Jeimer,600869,2021,626,84.6,818,
Daza, Yonathan,602074,2021,331,87.2,405,
Urias, Ramon,602104,2021,296,79.5,424,
Rondon, Jose,602922,2021,90,80.3,117,
Ahmed, Nick,605113,2021,473,81,600,
Anderson, Brian,605119,2021,264,79.3,372,
Barnes, Austin,605131,2021,225,77.9,303,
Bell, Josh,605137,2021,568,83.7,737,
Betts, Mookie,605141,2021,550,89.9,692,
Caratini, Victor,605170,2021,356,85.2,412,
Davis, J.D.,605204,2021,211,65.3,329,
Garcia, Aramis,605244,2021,94,82.3,124,
Musgrove, Joe,605397,2021,57,63.1,84,
Nola, Aaron,605400,2021,63,74.3,70,
Panik, Joe,605412,2021,257,87.1,349,
Perez, Michael,605421,2021,231,83.1,295,
Woodruff, Brandon,605540,2021,58,57.9,76,
Zimmer, Bradley,605548,2021,348,72.2,446,
Castro, Harold,605612,2021,339,81.8,411,
Arcia, Orlando,606115,2021,89,80.2,126,
Tapia, Raimel,606132,2021,533,90.7,690,
Aquino, Aristides,606157,2021,204,72.6,252,
Hernandez, Teoscar,606192,2021,595,79.4,815,
Mercedes, Yermin,606213,2021,262,83,347,
Peraza, Jose,606299,2021,154,89,173,
Marte, Ketel,606466,2021,374,89.1,475,
Greiner, Grayson,606988,2021,82,70.3,111,
Haase, Eric,606992,2021,381,73.1,510,
Nimmo, Brandon,607043,2021,386,81.1,549,
Peterson, Jace,607054,2021,302,81,389,
Turner, Trea,607208,2021,646,84.6,891,
Smith, Kevan,607345,2021,106,79.2,130,
Beaty, Matt,607461,2021,234,90.1,284,
Blandino, Alex,607468,2021,82,79.8,94,
Pillar, Kevin,607680,2021,347,85.4,444,
Stallings, Jacob,607732,2021,427,86.4,506,
Ramirez, Jose,608070,2021,636,91.1,805,
Bregman, Alex,608324,2021,400,91.8,526,
Fried, Max,608331,2021,67,70.4,98,
Gallo, Joey,608336,2021,616,68.6,791,
Kelly, Carson,608348,2021,359,82.3,452,
Seager, Corey,608369,2021,409,82.8,551,
Winker, Jesse,608385,2021,485,83.5,612,
Marquez, German,608566,2021,60,71.2,59,
Mazara, Nomar,608577,2021,181,80.8,239,
Murphy, Tom,608596,2021,325,75.6,426,
Jankowski, Travis,608671,2021,157,82.7,196,
Mayfield, Jack,608686,2021,290,83.9,384,
Plawecki, Kevin,608700,2021,173,88.8,214,
Refsnyder, Rob,608701,2021,157,79.1,206,
Mondesi, Adalberto,609275,2021,136,72.9,225,
Andujar, Miguel,609280,2021,162,89,218,
Vosler, Jason,613564,2021,82,75.6,119,
Cordero, Franchy,614173,2021,136,67.6,213,
Reyes, Franmil,614177,2021,466,73.8,627,
Torrens, Luis,620443,2021,378,78.3,512,
Robertson, Daniel,621002,2021,90,81,105,
Martin Jr., Richie,621006,2021,105,75,172,
Schrock, Max,621011,2021,134,90.1,182,
Swanson, Dansby,621020,2021,653,75.5,929,
Newman, Kevin,621028,2021,554,92.5,610,
Taylor, Chris,621035,2021,582,73.9,847,
Correa, Carlos,621043,2021,640,87.4,768,
Buehler, Walker,621111,2021,82,57.9,107,
Dahl, David,621311,2021,220,81.5,281,
Phillips, Brett,621433,2021,292,68.1,427,
Taylor, Tyrone,621438,2021,271,87.5,328,
Buxton, Byron,621439,2021,254,78.4,347,
Brinson, Lewis,621446,2021,290,78.9,355,
Bolt, Skye,621450,2021,60,81.4,70,
Duggar, Steven,621453,2021,297,80.3,360,
Rios, Edwin,621458,2021,60,71.6,81,
Stewart, DJ,621466,2021,318,76.5,476,
Ward, Taylor,621493,2021,237,82.3,305,
Mathisen, Wyatt,621500,2021,51,65.2,66,
Nido, Tomas,621512,2021,161,68.6,188,
Wisdom, Patrick,621550,2021,375,67.4,556,
Wendle, Joey,621563,2021,501,83.4,578,
Olson, Matt,621566,2021,673,81.6,965,
Jones, Taylor,622100,2021,108,77.1,153,
Duffy, Matt,622110,2021,322,91.9,407,
Walton, Donovan,622268,2021,69,80,90,
Castillo, Luis,622491,2021,59,67.1,76,
Margot, Manuel,622534,2021,464,85.4,618,
Reyes, Pablo,622569,2021,87,86.3,102,
Senzatela, Antonio,622608,2021,51,71.7,53,
Reyes, Victor,622682,2021,220,80,300,
Mateo, Jorge,622761,2021,209,76.7,279,
Velazquez, Andrew,623205,2021,68,71.8,103,
Bote, David,623520,2021,327,83.5,411,
Ramirez, Harold,623912,2021,361,86.2,448,
Santander, Anthony,623993,2021,438,81.5,621,
Alonso, Pete,624413,2021,637,83.4,752,
Arroyo, Christian,624414,2021,181,81.9,248,
Biggio, Cavan,624415,2021,294,82.7,365,
Conforto, Michael,624424,2021,479,81.8,638,
Frazier, Adam,624428,2021,639,92.3,822,
Trevino, Jose,624431,2021,302,86.9,329,
Gordon, Nick,624503,2021,216,79.3,304,
McGuire, Reese,624512,2021,217,85.6,284,
Nunez, Dom,624513,2021,263,76.1,327,
Soler, Jorge,624585,2021,602,81.4,783,
Sosa, Edmundo,624641,2021,326,80.3,431,
Heredia, Guillermo,628338,2021,347,82.4,489,
Hernandez, Yadiel,628450,2021,289,76.2,403,
Ibanez, Andy,628451,2021,272,87.1,341,
Urias, Julio,628711,2021,70,78.7,75,
Cronenworth, Jake,630105,2021,643,92.2,767,
Frazier, Jackson,640449,2021,218,77.5,285,
Meadows, Austin,640457,2021,591,83.5,790,
Mercado, Oscar,640458,2021,238,77.6,321,
Pinder, Chad,640461,2021,233,77.1,340,
Anderson, Tim,641313,2021,551,82.3,785,
Bauers, Jake,641343,2021,315,81.9,426,
Bellinger, Cody,641355,2021,350,75.1,506,
Calhoun, Willie,641432,2021,284,87.8,329,
Collins, Zack,641470,2021,231,75.2,326,
Crawford, J.P.,641487,2021,687,89.5,951,
Davis, Jonathan,641505,2021,103,82.4,119,
Dozier, Hunter,641531,2021,543,81.6,685,
Engel, Adam,641553,2021,140,84.5,187,
Fargas, Johneshwy,641561,2021,54,76.5,68,
Fraley, Jake,641584,2021,265,78.6,345,
Garver, Mitch,641598,2021,243,77.3,291,
Guillorme, Luis,641645,2021,156,89.1,193,
Hampson, Garrett,641658,2021,494,81.9,642,
Heim, Jonah,641680,2021,285,83.3,406,
Lewis, Kyle,641786,2021,147,70.3,219,
Locastro, Tim,641796,2021,156,79.9,179,
Mahle, Tyler,641816,2021,66,82.5,97,
Mancini III, Trey,641820,2021,616,78.2,753,
Martin, Jason,641829,2021,154,75.1,229,
McKinney, Billy,641856,2021,300,82.8,430,
McMahon, Ryan,641857,2021,596,78,873,
Neuse, Sheldon,641914,2021,66,63.5,96,
O'Neill, Tyler,641933,2021,537,74,734,
Sisco, Chance,642082,2021,83,70.8,120,
Smith, Dominic,642086,2021,493,81.1,634,
Tellez, Rowdy,642133,2021,325,85.8,387,
Valaika, Pat,642162,2021,281,80.4,409,
VanMeter, Josh,642165,2021,310,82,410,
Wade, Tyler,642180,2021,145,76.3,211,
White, Eli,642201,2021,220,76.2,324,
Williams, Justin,642211,2021,137,74.3,144,
Wong, Kean,642221,2021,66,87,77,
Mejia, Francisco,642336,2021,277,85.1,323,
Sierra, Magneuris,642423,2021,225,84.3,299,
Rosario, Amed,642708,2021,588,84.2,669,
Adames, Willy,642715,2021,555,75.6,765,
Gutierrez, Kelvin,642721,2021,295,78.8,354,
Alcantara, Sergio,642727,2021,255,76.3,354,
Estrada, Thairo,642731,2021,132,90.1,171,
Leyba, Domingo,642736,2021,96,83.9,112,
Wynns, Austin,642851,2021,139,90.1,161,
Benintendi, Andrew,643217,2021,538,80.4,772,
Cooper, Garrett,643265,2021,250,80.1,316,
Craig, Will,643269,2021,65,76.8,95,
Dubon, Mauricio,643289,2021,187,81.5,233,
Jansen, Danny,643376,2021,205,77.3,299,
Kemp, Tony,643393,2021,397,87.2,476,
Kiner-Falefa, Isiah,643396,2021,677,93,745,
Long Jr., Shed,643418,2021,121,79.9,164,
McNeil, Jeff,643446,2021,426,87.4,643,
Schwindel, Frank,643524,2021,259,87.1,309,
Tauchman, Mike,643565,2021,191,70.6,316,
Chang, Yu,644374,2021,251,84,343,
Alcantara, Sandy,645261,2021,64,48.3,60,
Albies, Ozzie,645277,2021,686,79.7,1011,
Robles, Victor,645302,2021,369,80.5,487,
Ford, Mike,645801,2021,72,75,76,
Devers, Rafael,646240,2021,664,77.2,912,
Naylor, Josh,647304,2021,250,86.2,305,
Toro, Abraham,647351,2021,375,86.9,490,
Diaz, Aledmys,649557,2021,319,86.3,417,
Urias, Luis,649966,2021,570,81.7,765,
Diaz, Lewin,650331,2021,128,80.6,186,
Arraez, Luis,650333,2021,479,92.6,632,
Jimenez, Eloy,650391,2021,231,77.6,254,
Torres, Gleyber,650402,2021,516,79.2,735,
Castro, Willi,650489,2021,450,81.2,585,
Diaz, Yandy,650490,2021,541,86.2,672,
De La Cruz, Bryan,650559,2021,219,87.7,285,
Rengifo, Luis,650859,2021,190,77.8,248,
Pozo, Yohel,650968,2021,77,90.6,96,
Adams, Riley,656180,2021,120,84.8,145,
Bradley, Bobby,656252,2021,279,69.2,354,
Chapman, Matt,656305,2021,622,72.4,887,
Chavis, Michael,656308,2021,124,74.4,164,
Diaz, Isan,656371,2021,278,78.9,323,
Ellis, Drew,656403,2021,83,73.6,129,
Hill, Derek,656537,2021,150,79.4,194,
Hilliard, Sam,656541,2021,238,64.7,331,
Hoskins, Rhys,656555,2021,443,81,596,
Jackson, Alex,656577,2021,151,57.3,211,
Joe, Connor,656582,2021,211,83.8,266,
Luplow, Jordan,656669,2021,193,73.2,284,
McKinstry, Zach,656716,2021,172,84.3,217,
Mullins II, Cedric,656775,2021,675,82.8,838,
O'Hearn, Ryan,656811,2021,254,80.2,343,
Peters, DJ,656847,2021,240,68.1,351,
Rivera, Emmanuel,656896,2021,98,85.5,124,
Schwarber, Kyle,656941,2021,471,77,605,
Smith, Pavin,656976,2021,545,90.7,635,
Thomas, Lane,657041,2021,264,84.8,335,
Tucker, Cole,657061,2021,131,82,172,
Verdugo, Alex,657077,2021,604,88.7,745,
White, Evan,657108,2021,104,77,148,
Alvarez, Eddy,657193,2021,74,89.3,84,
Webb, Logan,657277,2021,53,72.1,61,
O'Grady, Brian,657434,2021,61,75.8,99,
DeJong, Paul,657557,2021,402,81.4,565,
Laureano, Ramon,657656,2021,378,83.2,495,
Sheets, Gavin,657757,2021,179,88.4,249,
Fuentes, Joshua,658069,2021,284,80.5,389,
Olivares, Edward,658668,2021,111,84.8,132,
Moncada, Yoan,660162,2021,616,81,779,
Ohtani, Shohei,660271,2021,639,73.2,786,
Tsutsugo, Yoshi,660294,2021,262,78.6,346,
Arauz, Jonathan,660620,2021,75,83.3,84,
Hernandez, Yonny,660634,2021,166,89.5,190,
Acuna Jr., Ronald,660670,2021,360,77.5,462,
Ruiz, Keibert,660688,2021,96,91.1,101,
Sanchez, Jesus,660821,2021,251,79.7,330,
Park, Hoy,660829,2021,150,80.2,207,
Contreras, William,661388,2021,185,72.8,243,
Varsho, Daulton,662139,2021,315,80.6,443,
Jones, Jahmai,663330,2021,72,81.3,96,
Nootbaar, Lars,663457,2021,124,76.6,145,
Hoerner, Nico,663538,2021,170,87.3,205,
Riley, Austin,663586,2021,662,78.9,871,
Madrigal, Nick,663611,2021,215,97.2,251,
Larnach, Trevor,663616,2021,301,73.2,373,
Mountcastle, Ryan,663624,2021,586,77.2,782,
McKenna, Ryan,663630,2021,197,69.9,289,
Hayes, Ke'Bryan,663647,2021,396,88.3,461,
Tucker, Kyle,663656,2021,567,85.5,847,
Cameron, Daz,663662,2021,115,76,154,
India, Jonathan,663697,2021,631,82.7,735,
Raleigh, Cal,663728,2021,148,70.3,232,
Grisham, Trent,663757,2021,527,82.5,699,
Vierling, Matt,663837,2021,77,84.4,96,
Stephenson, Tyler,663886,2021,402,88.6,466,
Williams, Luke,663897,2021,108,87.7,138,
Rodgers, Brendan,663898,2021,415,83.2,567,
Lowe, Nathaniel,663993,2021,642,81.8,895,
Happ, Ian,664023,2021,535,75.3,721,
France, Ty,664034,2021,650,89.6,833,
Lowe, Brandon,664040,2021,615,74.5,856,
Bader, Harrison,664056,2021,401,84.4,500,
Stevenson, Andrew,664057,2021,213,82,272,
Fletcher, David,664058,2021,665,94,732,
Haggerty, Sam,664059,2021,94,78.6,117,
Moore, Dylan,664238,2021,377,79.4,500,
Garlick, Kyle,664247,2021,107,80.7,150,
Straw, Myles,664702,2021,638,89.8,831,
Isbel, Kyle,664728,2021,83,85.2,108,
Bohm, Alec,664761,2021,417,76.6,594,
Wade Jr., LaMonte,664774,2021,381,87.5,543,
Tom, Ka'ai,664789,2021,133,75.3,182,
Mazeika, Patrick,664850,2021,87,89.6,96,
Zavala, Seby,664874,2021,104,68.8,157,
Mendick, Danny,664901,2021,186,79.3,227,
Brown, Seth,664913,2021,307,79,376,
McCarthy, Jake,664983,2021,70,66.3,92,
Walsh, Jared,665120,2021,585,79.8,741,
Maton, Nick,665155,2021,131,76.1,188,
Celestino, Gilberto,665482,2021,62,82.1,78,
Tatis Jr., Fernando,665487,2021,546,75.5,755,
Guerrero Jr., Vladimir,665489,2021,698,81.8,857,
Pache, Cristian,665506,2021,68,76.6,94,
Marchan, Rafael,665561,2021,56,84.5,58,
Soto, Juan,665742,2021,654,85.3,746,
Taveras, Leody,665750,2021,185,76.6,256,
Chisholm Jr., Jazz,665862,2021,507,76.8,637,
Gimenez, Andres,665926,2021,210,74.3,307,
Kirilloff, Alex,666135,2021,231,79.9,313,
Lux, Gavin,666158,2021,381,85.4,520,
Rortvedt, Ben,666163,2021,98,77.2,127,
Adell, Jo,666176,2021,140,75.9,199,
Bichette, Bo,666182,2021,690,85.5,987,
Carlson, Dylan,666185,2021,619,79,828,
Kieboom, Carter,666198,2021,249,81.3,304,
Trammell, Taylor,666211,2021,178,66.5,263,
Castro, Rodolfo,666801,2021,93,84.4,135,
Dalbec, Bobby,666915,2021,453,68.9,671,
Garcia, Adolis,666969,2021,622,73.7,886,
Gurriel Jr., Lourdes,666971,2021,541,83.6,689,
Rooker Jr., Brent,667670,2021,213,73.2,269,
Arozarena, Randy,668227,2021,604,74.4,770,
Barrera, Tres,668663,2021,107,86.6,149,
Rogers, Jake,668670,2021,127,67.2,189,
Baddoo, Akil,668731,2021,461,73.8,642,
Knizner, Andrew,668800,2021,185,82.6,207,
Reynolds, Bryan,668804,2021,646,84.6,897,
Rojas, Josh,668942,2021,550,81.7,737,
Marsh, Brandon,669016,2021,260,76.9,337,
Burnes, Corbin,669203,2021,59,71.2,73,
Murphy, Sean,669221,2021,448,81.6,555,
Senzel, Nick,669222,2021,124,89.1,156,
Edman, Tommy,669242,2021,691,90.7,881,
Solak, Nick,669256,2021,511,81.6,618,
Smith, Will,669257,2021,501,83.3,658,
Johnson, Daniel,669288,2021,81,68.9,119,
Espinal, Santiago,669289,2021,246,89.9,318,
Hiura, Keston,669374,2021,197,56.2,290,
Hays, Austin,669720,2021,529,86.9,613,
Lopez, Nicky,670032,2021,565,89.2,702,
Raley, Luke,670042,2021,72,69.9,113,
Short, Zack,670097,2021,184,77.7,260,
Rojas, Jose,670351,2021,184,82.9,234,
Young, Andrew,670370,2021,104,70.7,123,
Alvarez, Yordan,670541,2021,598,87.1,699,
Paredes, Isaac,670623,2021,85,89.4,113,
Brosseau, Mike,670712,2021,169,76.2,248,
Walls, Taylor,670764,2021,176,75.8,240,
Garcia, Luis,671277,2021,247,84.2,292,
Kelenic, Jarred,672284,2021,377,83.5,479,
Kirk, Alejandro,672386,2021,189,83.8,247,
Marcano, Tucupita,672779,2021,50,89.5,57,
Robert, Luis,673357,2021,296,83.2,388,
Akiyama, Shogo,673451,2021,183,82.9,228,
Kim, Ha-Seong,673490,2021,298,82.5,399,
Clement, Ernie,676391,2021,133,88,142,
Barrero, Jose,676480,2021,56,80.3,71,
Meyers, Jake,676694,2021,163,78.4,208,
Trejo, Alan,676701,2021,50,71,62,
McCormick, Chas,676801,2021,320,71.5,435,
Franco, Wander,677551,2021,308,88,382,
Duran, Jarren,680776,2021,112,76.2,147,
Jeffers, Ryan,680777,2021,293,76.1,377,
Miller, Owen,680911,2021,202,82.2,236,
Vaughn, Andrew,683734,2021,469,85.8,541,