last_name, first_name,player_id,year,p_formatted_ip,p_k_percent,p_bb_percent,ff_avg_speed,ff_range_speed,si_avg_speed,si_range_speed,fc_avg_speed,fc_range_speed,
Wainwright, Adam,425794,2021,206.1,21.0,6.0,89,1.4,89.1,1.5,84.9,1.5,
Greinke, Zack,425844,2021,171.0,17.2,5.2,88.9,1.3,89.5,1.2,,,
Santana, Ervin,429722,2021,65.1,18.8,7.9,93.4,1.3,,,,,
Petit, Yusmeiro,433589,2021,78.0,11.8,3.8,87.6,1.2,,,84.5,1.2,
Jansen, Kenley,445276,2021,69.0,30.9,12.9,,,93.9,1.7,92.5,1.9,
Detwiler, Ross,446321,2021,52.1,27.1,8.7,91.9,1.3,91.1,1.3,85.1,1.6,
Kluber, Corey,446372,2021,80.0,24.0,9.7,89.9,1.3,90.7,1.3,87.6,1.3,
Hill, Rich,448179,2021,158.2,22.7,8.3,88.1,1.4,84.8,1.6,83.6,1.7,
Doolittle, Sean,448281,2021,49.2,23.8,10.3,93.1,1.4,,,,,
Guerra, Junior,448855,2021,65.1,19.9,15.0,92.2,1.1,93,1.2,,,
Morton, Charlie,450203,2021,185.2,28.6,7.7,95.5,1.1,94.6,1.2,87.5,1.5,
Davis, Wade,451584,2021,42.2,20.0,10.0,92.7,1.3,91.4,1.5,88.6,1.4,
Lester, Jon,452657,2021,141.1,14.5,8.8,88.7,1.3,87.6,1.4,86.4,1.5,
Kennedy, Ian,453178,2021,56.1,27.2,7.5,94.1,0.9,,,84.4,2,
Miller, Andrew,453192,2021,36.0,24.4,9.8,87.9,1.5,88.9,1.9,,,
Watson, Tony,453265,2021,57.1,19.6,8.0,92.5,1.2,92.3,1.3,,,
Bard, Daniel,453268,2021,65.2,26.3,11.8,97.5,1.4,97.3,1.3,,,
LeBlanc, Wade,453281,2021,49.0,13.1,7.7,87.5,1.6,87.6,1.4,85,1.5,
Parker, Blake,453284,2021,43.2,20.0,7.6,90.7,1,,,88.9,1.2,
Scherzer, Max,453286,2021,179.1,34.1,5.2,94.3,1.4,,,90.2,1.3,
Melancon, Mark,453343,2021,64.2,22.3,9.4,91.7,2.1,,,92,1,
Arrieta, Jake,453562,2021,98.2,17.7,9.4,,,91.4,1.3,,,
Martin, Chris,455119,2021,43.1,18.2,3.3,94.8,0.9,94.6,1.1,90.9,1.1,
Price, David,456034,2021,73.2,17.8,8.0,92.9,1.5,92.9,1.4,88.9,1.6,
Cueto, Johnny,456501,2021,114.2,20.0,6.1,91.8,1.6,91.6,1.5,87.5,1.3,
Happ, J.A.,457918,2021,152.1,18.2,7.2,91,1.2,89.1,1.2,,,
Lynn, Lance,458681,2021,157.0,27.5,7.0,94,1.5,92.4,1.6,88.7,1.9,
Tomlin, Josh,458708,2021,49.1,17.0,2.3,88.9,1,,,86,1.1,
McGee, Jake,459429,2021,59.2,24.3,4.2,94.9,1.5,,,,,
Soria, Joakim,465657,2021,37.1,25.2,7.5,92.8,1.2,93.3,1.5,,,
Chacin, Jhoulys,468504,2021,64.1,17.5,10.4,92.5,1.5,92.9,1.3,,,
Carrasco, Carlos,471911,2021,53.2,21.1,7.6,93.4,1.3,92.5,1.3,,,
Anderson, Brett,474463,2021,96.0,14.2,6.8,88.6,1.5,89.1,1.4,85.7,1.7,
Luetge, Lucas,476595,2021,72.1,25.9,5.0,90.3,,,,88.3,1.3,
Kershaw, Clayton,477132,2021,121.2,29.5,4.3,90.6,1.1,,,,,
Miley, Wade,489119,2021,163.0,18.1,7.2,89.9,1.4,88.7,1.6,85.4,1.6,
Romo, Sergio,489265,2021,61.2,23.2,8.1,85.6,1.3,85.5,1.1,,,
Stammen, Craig,489334,2021,88.1,23.4,3.7,91.7,1.6,92.3,1.2,89.1,1.4,
Valdez, Cesar,491624,2021,46.0,21.4,6.7,85.3,1.2,84.9,1.3,,,
Ottavino, Adam,493603,2021,62.0,25.7,12.7,95.5,1.4,94.6,1.2,87.3,1.5,
Guerra, Deolis,500610,2021,65.2,23.0,7.4,90.7,1.1,90.8,1.1,,,
Quintana, Jose,500779,2021,63.0,28.6,11.8,91.5,1.1,91.6,1.2,,,
Pineda, Michael,501381,2021,109.1,19.2,4.6,90.6,1.5,,,,,
Alvarez, Jose,501625,2021,64.2,15.8,7.1,91.3,1.2,91.2,1.2,85.8,1.4,
Smith, Joe,501925,2021,39.2,19.7,4.6,87.4,1.1,85.7,1.2,,,
Minor, Mike,501985,2021,158.2,22.3,6.1,90.9,1.5,,,,,
Gibson, Kyle,502043,2021,182.0,20.6,8.5,92.8,1.2,92.3,1.2,89.5,1.3,
Cobb, Alex,502171,2021,93.1,24.9,8.4,93.2,1.2,92.7,1,,,
Espino, Paolo,502179,2021,109.2,20.2,5.5,89,1.2,,,,,
Boxberger, Brad,502202,2021,64.2,31.2,9.4,93.5,1.2,,,,,
Cahill, Trevor,502239,2021,37.0,19.3,8.4,90.4,1.4,89.7,1.4,85.2,1.5,
Anderson, Chase,502624,2021,48.0,16.3,9.3,91.5,1.4,91.1,1.6,87.3,1.7,
Holland, Derek,502706,2021,49.2,22.7,8.9,92.8,1.5,93.1,1.5,,,
Peralta, Wily,503449,2021,93.2,14.4,9.5,93.6,1.3,94,1.2,,,
Dolis, Rafael,503569,2021,32.0,25.0,17.3,94.3,,94.8,1.1,,,
Darvish, Yu,506433,2021,166.1,29.2,6.5,94.5,1.4,94,3.6,86.6,2.5,
Colome, Alex,517008,2021,65.0,20.0,7.9,93.7,1.1,,,89.5,1.4,
Bumgarner, Madison,518516,2021,146.1,20.2,6.4,90.4,1.4,89.8,1.2,86,1.5,
Cishek, Steve,518553,2021,68.1,20.8,13.3,89.7,1.4,90.2,1.4,,,
Diekman, Jake,518617,2021,60.2,31.7,13.0,95.4,1.3,95.3,1.3,,,
Duffy, Danny,518633,2021,61.0,25.8,8.7,93.7,1.5,93.6,1.5,,,
Harvey, Matt,518774,2021,127.2,16.3,6.4,93.4,1.5,92.9,1.4,,,
Holland, Greg,518813,2021,55.2,21.8,10.7,92.8,1.7,,,,,
Kelly, Merrill,518876,2021,158.0,19.5,6.1,91.7,1.5,91.6,1.4,90.8,1.4,
Kimbrel, Craig,518886,2021,59.2,42.6,9.8,96.5,1.2,,,,,
Moore, Matt,519043,2021,73.0,18.9,11.4,92.4,1.4,,,89.6,1.3,
Pressly, Ryan,519151,2021,64.0,32.4,5.2,95.4,1.3,95.2,1.4,,,
Sale, Chris,519242,2021,42.2,28.4,6.6,93.6,1.9,92.9,1.5,,,
Smith, Will,519293,2021,68.0,30.7,9.9,92.8,1.2,,,,,
Strickland, Hunter,519326,2021,58.2,24.0,9.1,94.9,1.3,93.7,1.4,,,
Hendriks, Liam,521230,2021,71.0,42.3,2.6,97.7,1.2,,,,,
Kelly, Joe,523260,2021,44.0,27.5,8.2,97.5,1.5,97.7,1.4,,,
Perez, Martin,527048,2021,114.0,19.1,7.1,93.4,1.4,92.8,1.7,89.6,1.5,
Castellanos, Humberto,528748,2021,45.2,14.8,7.7,90.4,1.4,90.4,1.3,,,
Shoemaker, Matt,533167,2021,60.1,14.1,9.5,91.6,1.5,91.7,1.3,,,
Cisnero, Jose,542585,2021,61.2,23.4,11.7,96.7,1.2,96.4,1.4,,,
Anderson, Tyler,542881,2021,167.0,19.1,5.4,90.6,1.6,88.9,1.3,85.2,1.9,
Andriese, Matt,542882,2021,48.1,22.5,5.9,92,1.2,89.6,1.4,85.8,1.4,
Armstrong, Shawn,542888,2021,36.0,26.7,9.1,93.9,1.2,,,89.3,1.7,
Bass, Anthony,542914,2021,61.1,22.3,9.2,95.4,1.1,95.3,1.1,,,
Bleier, Richard,542947,2021,58.0,19.6,2.7,90.5,1.5,90,1.2,87.2,1.5,
Cole, Gerrit,543037,2021,181.1,33.5,5.6,97.7,1.4,97.7,1.5,,,
DeSclafani, Anthony,543101,2021,167.2,22.5,6.2,94.1,1.3,94,1.2,,,
Eovaldi, Nathan,543135,2021,182.1,25.5,4.6,96.8,1.4,,,92.5,1.5,
Gray, Sonny,543243,2021,135.1,27.0,8.7,92.3,1.2,92.4,1.2,83.9,1.8,
Hand, Brad,543272,2021,64.2,21.9,9.4,92.9,1.2,93,1.1,,,
Hendricks, Kyle,543294,2021,181.0,16.7,5.6,87.3,1.7,87.3,1.2,,,
Hudson, Daniel,543339,2021,51.2,35.7,7.6,97,1,96.7,1.4,,,
Lyles, Jordan,543475,2021,180.0,19.0,7.3,93,1.1,91.6,1.2,86.3,1.4,
May, Trevor,543507,2021,62.2,31.2,9.0,96.5,1.1,,,,,
McHugh, Collin,543521,2021,64.0,30.0,4.9,90.6,1.2,,,87.6,1.3,
Odorizzi, Jake,543606,2021,104.2,20.6,7.7,92.2,1.1,,,86.7,2.1,
Shaw, Bryan,543766,2021,77.1,21.3,11.4,94.7,1.5,,,92.8,2,
Familia, Jeurys,544727,2021,59.1,27.5,10.3,97.2,1.3,96.4,1.2,,,
Bauer, Trevor,545333,2021,107.2,31.7,8.6,93.9,1.7,94.4,1.4,85.3,1.8,
Kim, Kwang Hyun,547942,2021,106.2,17.7,8.6,89.1,1.5,89,1.4,,,
Ryu, Hyun Jin,547943,2021,169.0,20.4,5.3,89.9,1.7,89.3,2.1,86.3,1.9,
Chapman, Aroldis,547973,2021,56.1,39.9,15.6,98.3,1.9,100.6,1.5,,,
Raley, Brooks,548384,2021,49.0,31.7,7.8,90.9,1.3,90.7,1.3,87.7,1.5,
Stripling, Ross,548389,2021,101.1,21.8,7.0,91.9,1.7,,,,,
Kittredge, Andrew,552640,2021,71.2,27.3,5.3,94.6,1.3,95.4,1.2,,,
Garcia, Yimi,554340,2021,57.2,25.3,7.6,96,1.5,94.8,1.4,,,
Wheeler, Zack,554430,2021,213.1,29.1,5.4,97.2,1.2,96.7,1.2,,,
Matzek, Tyler,554431,2021,63.0,29.2,14.0,96,1.4,,,,,
Rodriguez, Joely,570257,2021,46.1,22.7,8.7,93.9,1.1,94.1,1.1,,,
Valdez, Phillips,570488,2021,40.0,19.8,10.7,92.7,1.5,92.7,1.2,,,
Urena, Jose,570632,2021,100.2,14.7,9.2,94.2,1.2,93.8,1.5,,,
Robles, Hansel,570663,2021,69.0,25.6,12.5,96.7,1.4,96.4,1.5,,,
Cessa, Luis,570666,2021,64.2,20.7,7.3,93.8,1.2,93.1,1.5,,,
Boyd, Matthew,571510,2021,78.2,19.9,6.8,92,1.3,90.9,1.9,,,
Brothers, Rex,571521,2021,53.0,31.8,14.8,94.5,1.4,,,,,
Corbin, Patrick,571578,2021,171.2,19.0,8.0,92.3,1.6,92.6,1.8,85.9,1.6,
Farmer, Buck,571656,2021,35.1,21.6,12.3,94,1,,,,,
Floro, Dylan,571670,2021,64.0,23.0,9.3,93.8,1.3,93.7,1.3,,,
Givens, Mychal,571710,2021,51.0,25.0,12.5,94.7,1.7,,,,,
Heaney, Andrew,571760,2021,129.2,26.9,7.3,92,1.4,,,,,
Loup, Aaron,571901,2021,56.2,26.1,7.3,,,92.4,1.3,84.7,1.4,
Matz, Steven,571927,2021,150.2,22.3,6.6,,,94.5,1.1,,,
Mikolas, Miles,571945,2021,44.2,16.7,5.9,93.2,1.5,92.8,1.6,,,
Richards, Garrett,572070,2021,136.2,18.6,9.7,94.3,1.4,95.6,1.5,,,
Smith, Burch,572143,2021,43.1,14.9,5.9,93.4,1.6,,,,,
Tepera, Ryan,572193,2021,61.1,30.8,7.9,93.3,1.1,93.3,1.2,,,
Johnson, Pierce,572955,2021,58.2,31.6,11.1,95.5,1.1,,,,,
Keuchel, Dallas,572971,2021,162.0,13.2,8.2,89,1.2,87.8,1.1,85.1,1.2,
Mantiply, Joe,573009,2021,39.2,21.5,9.6,91.4,1.3,91.1,1.4,,,
Rogers, Taylor,573124,2021,40.1,35.5,4.8,,,95.7,1,,,
Stroman, Marcus,573186,2021,179.0,21.6,6.0,92.4,1.4,91.9,1,89.8,1.8,
Thielbar, Caleb,573204,2021,64.0,28.9,7.5,91.3,1.7,,,,,
Minaya, Juan,573668,2021,40.0,25.7,12.0,95.2,1.1,,,,,
Kikuchi, Yusei,579328,2021,157.0,24.5,9.3,95.1,1.5,,,91.3,1.5,
Foltynewicz, Mike,592314,2021,139.0,16.6,6.1,93.8,1.5,93.1,1.6,,,
Gausman, Kevin,592332,2021,192.0,29.3,6.5,94.6,1.7,,,,,
Gonzalez, Chi Chi,592346,2021,101.2,12.5,6.3,91.9,1.3,90.6,1.3,87.8,1,
Gray, Jon,592351,2021,149.0,24.4,9.0,94.9,1.3,,,,,
Hembree, Heath,592390,2021,58.0,34.2,9.9,95.3,1.4,,,,,
Jackson, Luke,592426,2021,63.2,26.8,11.1,95.8,1,,,,,
Plutko, Adam,592644,2021,56.1,17.3,10.6,91.6,1.1,,,87.7,1.5,
Ray, Robbie,592662,2021,193.1,32.1,6.7,94.8,1.4,95.4,1.5,,,
Sanchez, Aaron,592717,2021,35.1,16.7,9.6,90.1,1.6,89.8,1.9,,,
Shreve, Chasen,592741,2021,56.1,19.1,11.9,91.6,1,,,,,
Smith, Caleb,592761,2021,113.2,24.8,12.6,91.4,1.3,,,,,
Smyly, Drew,592767,2021,126.2,21.4,7.5,,,92.1,1.1,87.6,1.3,
Stanek, Ryne,592773,2021,68.1,28.6,12.8,97.6,1.1,,,,,
Taillon, Jameson,592791,2021,144.1,23.2,7.3,93.9,1.1,94.2,1.1,88.4,1.7,
Velasquez, Vince,592826,2021,94.1,24.2,11.8,93.2,1.2,92,1.4,,,
Walker, Taijuan,592836,2021,159.0,22.3,8.4,94.5,1.5,93.7,1.4,,,
Williams, Trevor,592866,2021,91.0,22.2,7.7,91.5,1.5,89.2,1.5,,,
Rodriguez, Richard,593144,2021,64.1,16.7,4.0,93.1,1.1,,,,,
German, Domingo,593334,2021,98.1,23.9,6.6,93.4,1.4,93.7,1.3,,,
Martinez, Carlos,593372,2021,82.1,15.7,9.9,93.4,1.8,91.3,1.3,90.6,1.6,
Montas, Frankie,593423,2021,187.0,26.6,7.3,96.4,1.1,96.2,1.2,90.7,1.2,
Neris, Hector,593576,2021,74.1,31.6,10.3,94.1,1.4,94.8,1.1,,,
Suero, Wander,593833,2021,42.2,23.2,7.9,91.1,1.4,,,92,1.5,
Rodriguez, Eduardo,593958,2021,157.2,27.4,7.0,92.5,1.3,92.5,1.3,88.3,1.7,
Peralta, Wandy,593974,2021,51.0,19.6,9.6,95.6,1.2,94.9,1.2,,,
Mayers, Mike,594577,2021,75.0,28.6,8.3,94.5,1.4,,,91.2,1.7,
deGrom, Jacob,594798,2021,92.0,45.1,3.4,99.2,1.3,,,,,
Gonzales, Marco,594835,2021,143.1,18.5,7.2,88.4,1,,,85.5,1.1,
Ponce de Leon, Daniel,594965,2021,33.1,15.2,13.9,93,1.6,91.7,,89.2,1.9,
Treinen, Blake,595014,2021,72.1,29.7,8.7,97.7,1.2,97.4,1.1,93.3,1.3,
Winkler, Dan,595465,2021,39.2,21.1,15.8,94,1.3,92.7,1.4,91.2,1.3,
Curtiss, John,595928,2021,44.1,23.5,6.4,94.9,1.5,,,91.8,1.5,
Junis, Jakob,596001,2021,39.1,24.4,7.1,90.8,1.6,90.9,1.5,88.7,1.8,
Norris, Daniel,596057,2021,57.0,23.4,12.1,92.7,1.4,,,,,
Stephenson, Robert,596112,2021,46.0,26.4,9.1,96.5,1.3,,,,,
Weaver, Luke,596133,2021,65.2,22.5,7.3,93.6,1.4,91.1,,87.4,1.6,
Gomber, Austin,596295,2021,115.1,23.2,8.4,91.6,1.4,,,,,
Barnes, Matt,598264,2021,54.2,37.8,9.0,95.8,1.3,,,,,
Machado, Andres,600921,2021,35.2,19.5,9.7,94.9,1.2,93.9,1.4,,,
Pivetta, Nick,601713,2021,155.0,26.5,9.8,94.8,1.4,93.3,1.5,,,
Barlow, Scott,605130,2021,74.1,29.7,9.2,95.3,1.4,96.3,1.5,,,
Bassitt, Chris,605135,2021,157.1,25.0,6.1,93.2,1.5,92.8,1.3,88.8,1.7,
Bradley, Archie,605151,2021,51.0,17.9,9.8,94,1.4,93.9,1.3,,,
Bundy, Dylan,605164,2021,90.2,21.2,8.6,90.7,1.8,90.7,1.6,,,
Chafin, Andrew,605177,2021,68.2,24.1,7.1,91.8,1.5,92.1,1.6,,,
Davies, Zach,605200,2021,148.0,17.1,11.2,,,88,1.2,86.6,1.2,
Fulmer, Michael,605242,2021,69.2,24.6,6.7,95.5,1.3,95.7,1.4,,,
Holmes, Clay,605280,2021,70.0,26.7,9.9,,,96,1.5,,,
Houser, Adrian,605288,2021,142.1,17.5,10.7,94.1,1.1,93.6,1.1,,,
Lopez, Jorge,605347,2021,121.2,20.2,10.1,95.3,1.4,95.3,1.5,,,
Musgrove, Joe,605397,2021,181.1,27.1,7.2,93.3,1.2,93.2,1.2,90.6,1.4,
Nola, Aaron,605400,2021,180.2,29.8,5.2,92.9,1.4,92,1.5,86.7,1.5,
Romano, Jordan,605447,2021,63.0,33.6,9.9,97.6,1.5,97.8,1.5,,,
Ross, Joe,605452,2021,108.0,23.7,7.4,93.6,1.4,93.4,1.5,,,
Snell, Blake,605483,2021,128.2,30.9,12.5,95.1,1.3,,,,,
Springs, Jeffrey,605488,2021,44.2,35.2,7.8,93.4,1,,,,,
Thompson, Zach,605507,2021,75.0,21.0,8.9,92.2,1.4,92.1,1.4,87.1,1.6,
Turnbull, Spencer,605513,2021,50.0,21.9,6.0,93.9,1.4,94.9,1.4,92.6,1.3,
Wendelken, J.B.,605525,2021,43.2,20.1,11.3,94.3,1.4,93.2,1.3,,,
Wisler, Matt,605538,2021,48.2,31.8,5.6,91.5,1.2,,,,,
Woodruff, Brandon,605540,2021,179.1,29.8,6.1,96.5,1.2,96.2,1.2,,,
Gallegos, Giovanny,606149,2021,80.1,30.6,6.5,94.4,1.1,,,,,
Montero, Rafael,606160,2021,49.1,18.7,7.6,95.8,1.3,95.1,1.2,,,
Payamps, Joel,606303,2021,50.1,18.5,6.8,94.8,1.3,94.4,1.4,,,
Garcia, Jarlin,606424,2021,68.2,25.3,6.7,93.1,1.2,,,,,
Rodon, Carlos,607074,2021,132.2,34.6,6.7,95.4,2.4,,,,,
Faria, Jake,607188,2021,32.2,20.8,8.4,92.3,1,93.2,,,,
Glasnow, Tyler,607192,2021,88.0,36.2,7.9,97,1.5,,,,,
Fedde, Erick,607200,2021,133.1,21.7,8.1,93.2,1.2,93.8,1.2,89.4,1.3,
Gant, John,607231,2021,110.0,18.7,14.5,92,2.5,91.6,2,85.4,2.2,
Garrett, Amir,607237,2021,47.2,28.4,13.5,94.8,1.3,94.7,1.5,,,
Patton, Spencer,607359,2021,42.1,27.9,8.7,93.4,1,94.1,,,,
Banda, Anthony,607455,2021,33.2,20.9,8.5,94.1,1.2,,,85.5,1.4,
Bummer, Aaron,607481,2021,56.1,31.0,12.0,,,95.4,1.3,88.1,1.4,
Freeland, Kyle,607536,2021,120.2,20.4,7.4,91.4,1.5,91.3,1.4,,,
Howard, Sam,607572,2021,45.0,30.2,16.1,93.4,1.2,,,,,
Lugo, Seth,607625,2021,46.1,28.2,9.7,94.2,1.6,93.4,1.8,,,
Means, John,607644,2021,146.2,22.7,4.4,92.8,1.2,,,,,
Estevez, Carlos,608032,2021,61.2,22.2,7.8,97.1,1.4,,,,,
De Jong, Chase,608328,2021,43.2,19.9,9.7,92.9,1.1,93.3,1.5,,,
Fried, Max,608331,2021,165.2,23.7,6.1,94,1.8,93.5,1.8,,,
Funkhouser, Kyle,608335,2021,68.1,21.1,12.8,95.8,1.3,95.5,1.3,,,
Giolito, Lucas,608337,2021,178.2,27.9,7.2,93.8,1.3,,,,,
Irvin, Cole,608344,2021,178.1,16.3,5.5,90.8,1.7,90.5,1.6,90.7,1.6,
Sims, Lucas,608371,2021,47.0,39.0,9.2,95.1,1.1,,,,,
Wacha, Michael,608379,2021,124.2,22.9,5.9,93.8,1.6,94.1,1.5,89.1,1.6,
Marquez, German,608566,2021,180.0,23.3,8.5,94.8,1.5,94,1.5,,,
Chargois, JT,608638,2021,53.2,24.5,9.3,95.6,1.4,96.3,1.2,,,
Duffey, Tyler,608648,2021,62.1,24.0,11.0,92.5,1.3,92.6,1.4,,,
Graveman, Kendall,608665,2021,56.0,27.5,9.0,96.3,1.2,96.6,1.3,,,
Leone, Dominic,608678,2021,53.2,22.8,10.0,95.5,1.1,94.6,1.4,90.1,1.1,
Steckenrider, Drew,608716,2021,67.2,21.7,6.4,94,1.5,,,,,
Stratton, Chris,608717,2021,79.1,25.5,9.8,93,1.1,93.6,1.4,,,
Suter, Brent,608718,2021,73.1,22.0,7.7,87.3,1.5,88.6,1.6,,,
Voth, Austin,608723,2021,57.1,23.8,11.3,94.2,1.1,,,90.2,1.3,
Castro, Miguel,612434,2021,70.1,25.4,14.2,,,98,1.2,,,
Adams, Austin,613534,2021,52.2,31.5,14.5,94.1,1.1,,,,,
Ruiz, Jose,614179,2021,65.0,23.2,9.2,97,1.3,,,,,
Quantrill, Cal,615698,2021,149.2,19.6,7.6,94.4,1,94.3,1,88.4,1.4,
Sawamura, Hirokazu,617228,2021,53.0,26.2,13.7,96,1.1,,,,,
Reyes, Alex,621052,2021,72.1,30.0,16.4,96.6,1.2,96.7,1.1,,,
Kaprielian, James,621076,2021,119.1,24.5,8.2,93,1.2,92.4,1.2,,,
Eflin, Zach,621107,2021,105.2,22.4,3.6,93.1,1.3,92.4,1.4,89.6,1.5,
Buehler, Walker,621111,2021,207.2,26.0,6.4,95.3,1.2,95.3,1.2,91.6,1.5,
Blackburn, Paul,621112,2021,38.1,14.9,5.7,90.8,1.2,91.1,1.1,87,1.4,
Burr, Ryan,621114,2021,36.2,21.9,13.9,94.7,1,,,86.7,1.3,
McCullers Jr., Lance,621121,2021,162.1,27.0,11.1,,,93.9,1.7,89.8,1.5,
Mills, Alec,621219,2021,119.0,16.8,6.6,88.7,1.3,89.1,1.4,,,
Alvarado, Jose,621237,2021,55.2,27.1,18.7,98.3,1.6,99.4,1.1,94.1,1.4,
Diaz, Edwin,621242,2021,62.2,34.6,8.9,98.8,1.3,99.5,1.6,,,
Berrios, Jose,621244,2021,192.0,26.1,5.8,94.1,1.2,93.8,1.2,,,
Underwood Jr., Duane,621249,2021,72.2,20.3,8.4,94.1,1.4,93.3,1.4,90.1,1.5,
Wittgren, Nick,621295,2021,62.1,23.6,6.6,92.5,1.1,92.3,1.4,88.2,1.3,
Minter, A.J.,621345,2021,52.1,25.8,9.0,96.1,1,,,89,1.3,
Clay, Sam,621348,2021,45.0,15.9,10.3,,,92.3,1.3,,,
Hearn, Taylor,621368,2021,104.1,20.9,9.5,95.1,1.6,93.8,1.6,89.6,1.7,
Young, Alex,622065,2021,52.0,17.5,11.0,91.5,1.3,89.6,1.4,86.3,1.7,
Wood, Alex,622072,2021,138.2,26.0,6.7,,,91.8,0.9,,,
Almonte, Yency,622075,2021,47.2,21.7,13.4,94.2,1.2,93.4,1.6,,,
Zimmer, Kyle,622092,2021,54.0,20.6,13.5,94.1,1.1,94.9,1.4,,,
Smith, Drew,622098,2021,41.1,24.8,9.7,95,1.1,94.9,1.3,87.9,1.6,
Sborz, Josh,622250,2021,59.0,26.8,12.5,96.7,1.1,,,,,
Staumont, Josh,622251,2021,65.2,27.3,10.2,96.5,1.7,96.7,1.7,,,
Tate, Dillon,622253,2021,67.2,17.1,8.0,95.1,1.5,95.5,1.7,86,2,
Castillo, Luis,622491,2021,187.2,23.9,9.3,97.1,1.3,97.3,1.4,,,
Crismatt, Nabil,622503,2021,81.1,20.2,6.8,90.1,1.6,89.6,1.9,,,
Senzatela, Antonio,622608,2021,156.2,15.7,4.8,94.6,1.7,94.3,1.5,,,
Hernandez, Elieser,622694,2021,51.2,23.6,6.2,90.9,1.3,90.6,1.4,,,
Diaz, Miguel,622766,2021,42.0,26.7,11.0,94.4,1.3,95.1,1.4,,,
Sewald, Paul,623149,2021,64.2,39.4,9.1,92.3,1.1,,,,,
Flexen, Chris,623167,2021,179.2,16.9,5.4,92.8,1.4,,,89.1,1.5,
Hader, Josh,623352,2021,58.2,45.5,10.7,96.4,,96.4,1.2,,,
Suarez, Ranger,624133,2021,106.0,25.6,7.9,93.7,1.2,92.9,1.4,,,
Thompson, Keegan,624522,2021,53.1,22.6,12.8,93.9,1.8,92.3,1.5,89.7,1.8,
Gonzalez, Victor,624647,2021,35.1,21.3,12.3,,,94.3,1.2,,,
Lopez, Reynaldo,625643,2021,57.2,24.8,5.9,95.8,1.4,,,,,
Maeda, Kenta,628317,2021,106.1,24.9,7.1,90.6,1.5,89.9,1.5,,,
Iglesias, Raisel,628452,2021,70.0,37.7,4.4,96.3,1.3,96.7,1.3,,,
Urias, Julio,628711,2021,185.2,26.2,5.1,94.1,1.3,93.9,1.5,,,
Crowe, Wil,640444,2021,116.2,21.2,10.9,93.7,1.3,92.9,1.3,,,
Finnegan, Kyle,640448,2021,66.0,23.1,11.6,,,95.6,1.1,,,
Manaea, Sean,640455,2021,179.1,25.7,5.4,,,92.1,1.7,,,
Alzolay, Adbert,640470,2021,125.2,24.7,6.6,94,1.5,93.8,1.5,90.2,1.3,
Lopez, Pablo,641154,2021,102.2,27.5,6.2,94.1,1.2,93.7,1.2,91.6,1.4,
Alexander, Tyler,641302,2021,106.1,19.3,6.2,90.5,1.2,90.2,1.3,86.1,1.6,
Bickford, Phil,641360,2021,51.1,28.5,9.2,93.9,1.1,92.3,,,,
Bowden, Ben,641386,2021,35.2,23.7,11.9,92.4,1.3,,,,,
Brentz, Jake,641394,2021,64.0,27.3,13.3,96.9,1.4,97.1,1.4,,,
Brogdon, Connor,641401,2021,57.2,21.3,7.7,96,1.2,94.9,1.4,88.6,1.6,
Cortes Jr., Nestor,641482,2021,93.0,27.5,6.7,90.7,1.5,90.3,1.7,85.4,1.8,
Dunning, Dane,641540,2021,117.2,22.3,8.4,89.7,1.4,90.4,1.2,85.8,1.9,
Foster, Matt,641582,2021,39.0,23.0,7.5,93.6,1.1,,,90.5,1.5,
Jimenez, Joe,641729,2021,45.1,27.1,16.7,94.7,1.3,,,,,
Kay, Anthony,641743,2021,33.2,25.0,11.5,94.5,1.4,,,88,1.6,
Keller, Brad,641745,2021,133.2,19.6,10.4,94.2,1.5,93.7,1.3,,,
Kinley, Tyler,641755,2021,70.1,23.1,8.8,95.9,1.3,98,1.5,,,
Kuhl, Chad,641771,2021,80.1,21.5,12.0,94.2,1.6,94.1,1.6,,,
Lauer, Eric,641778,2021,118.2,23.9,8.4,92.6,1.3,,,90.3,1.4,
Littell, Zack,641793,2021,61.2,25.0,9.5,94.9,1.2,,,,,
Mahle, Tyler,641816,2021,180.0,27.7,8.4,94,1.6,,,86.7,1.7,
Mayza, Tim,641835,2021,53.0,27.1,5.7,92.2,1.4,94,1.3,,,
Ober, Bailey,641927,2021,92.1,25.3,5.0,92.3,1.2,,,,,
Pagan, Emilio,641941,2021,63.1,26.2,6.8,94.9,1.1,,,86.4,1.4,
Rogers, Josh,642028,2021,35.2,14.6,9.3,90.5,1.3,89.2,1.4,,,
Smith, Riley,642092,2021,67.1,12.0,5.0,92.6,1.5,92.9,1.3,84.2,1.5,
Sulser, Cole,642121,2021,63.1,28.4,8.9,93.2,1.1,,,,,
Taylor, Blake,642130,2021,42.2,21.8,11.7,93.1,1.5,,,,,
Trivino, Lou,642152,2021,73.2,21.6,11.0,95.6,1.1,95.9,1.1,92.9,1.3,
Widener, Taylor,642203,2021,70.1,22.9,11.6,92.6,1.8,,,85.7,,
Williams, Devin,642207,2021,54.0,38.5,12.4,95.3,1.2,95.7,1.4,82.4,1.7,
Yarbrough, Ryan,642232,2021,155.0,17.9,4.1,84.3,1.4,86.4,1.3,81.9,2.2,
Soto, Gregory,642397,2021,63.2,27.5,14.5,98.2,1.4,98.2,1.4,,,
Loaisiga, Jonathan,642528,2021,70.2,24.4,5.7,97.8,1.4,98.3,1.3,,,
Barria, Jaime,642545,2021,56.2,14.0,7.6,93.1,1.3,92.6,1.3,,,
Peralta, Freddy,642547,2021,144.1,33.6,9.7,93.4,1.7,92.4,1.7,,,
Santana, Dennis,642701,2021,54.2,19.4,13.5,96,1.1,95.3,1.1,,,
Cimber, Adam,643256,2021,71.2,17.8,5.6,87,1.2,87,1.3,,,
Dunn, Justin,643290,2021,50.1,22.5,13.3,93.7,1.1,,,,,
Fry, Paul,643316,2021,47.1,27.9,16.3,92.8,1.2,,,,,
Green, Chad,643338,2021,83.2,31.4,5.4,95.7,1,96,1.4,,,
Jax, Griffin,643377,2021,82.0,18.1,8.1,92.6,1,,,,,
Rogers, Tyler,643511,2021,81.0,16.9,4.0,82.7,1.2,82.8,1.2,,,
Alcantara, Sandy,645261,2021,205.2,24.0,6.0,98.1,1.4,97.6,1.4,,,
Pop, Zach,647315,2021,54.2,20.7,9.8,94.3,1.4,95.4,1.1,,,
Wells, Alex,649144,2021,42.2,13.2,8.1,88.5,1.6,,,,,
Hernandez, Darwinzon,650382,2021,40.0,29.7,17.0,94.8,1.2,95.2,1.5,,,
Mejia, J.C.,650496,2021,52.1,19.7,10.1,93,1.4,92.6,1.2,,,
Garcia, Bryan,650530,2021,39.1,16.7,13.0,93.2,1.5,94,1.1,,,
Abreu, Bryan,650556,2021,36.0,22.4,11.2,95.6,1.6,96.1,1.4,,,
King, Michael,650633,2021,63.1,22.5,8.7,95.2,1.5,93.9,1.5,87.9,2.2,
Civale, Aaron,650644,2021,124.1,19.9,6.2,91.4,1.1,91.8,1,87.7,1.3,
Santana, Edgar,650828,2021,42.2,18.9,6.9,93.2,1.4,94.3,1.1,,,
Cabrera, Genesis,650893,2021,70.0,26.0,12.2,97.6,1.3,97.7,1.4,,,
Castillo, Diego,650895,2021,58.1,32.2,7.3,95.4,1.4,94.6,1.3,,,
Abreu, Albert,656061,2021,36.2,22.4,12.2,97.8,1.3,98,1.3,,,
Barnes, Charlie,656212,2021,38.0,11.4,9.1,,,89.8,1.1,,,
Bielak, Brandon,656232,2021,50.0,21.1,9.6,94,1.3,93.2,1.5,90,1.6,
Canning, Griffin,656288,2021,62.2,22.4,10.1,93.5,1.2,,,,,
Cease, Dylan,656302,2021,165.2,31.9,9.6,96.7,1.5,,,,,
Coonrod, Sam,656322,2021,42.1,25.9,8.1,98.5,1.3,97.7,1.1,,,
Feyereisen, J.P.,656420,2021,56.0,22.6,14.1,93.1,1.1,93.5,,,,
Flaherty, Jack,656427,2021,78.1,26.4,8.1,93.6,1.9,90.9,1.8,,,
Gilbert, Tyler,656457,2021,40.0,15.9,8.3,89.7,1.4,89.5,1.5,86.3,1.5,
Gilbreath, Lucas,656458,2021,42.2,23.8,12.4,93.3,1.6,,,,,
Hentges, Sam,656529,2021,68.2,21.4,10.1,94.6,1.6,93,1.6,,,
Hoffman, Jeff,656546,2021,73.0,23.6,13.4,94.3,1.7,,,,,
Holloway, Jordan,656548,2021,36.0,22.8,16.5,95.4,1.5,95.9,1.3,,,
Houck, Tanner,656557,2021,69.0,30.5,7.4,94.5,1.2,93.2,1.3,,,
Keller, Mitch,656605,2021,100.2,19.6,10.4,93.8,1.6,,,,,
Kopech, Michael,656629,2021,69.1,36.1,8.4,97.3,1.7,,,,,
Lange, Alex,656638,2021,35.2,24.1,9.9,96.4,1.1,97.1,,,,
Martin, Brett,656685,2021,62.1,15.9,5.3,93.6,1.1,93.1,1.1,,,
Megill, Tylor,656731,2021,89.2,26.1,7.1,94.6,1.4,,,,,
Montgomery, Jordan,656756,2021,157.1,24.5,7.7,92.6,1.1,92.4,1.2,87.3,1.6,
Newcomb, Sean,656794,2021,32.1,28.7,18.0,95.6,1.3,95.5,,87.4,1.6,
Peterson, David,656849,2021,66.2,24.0,10.1,92.7,1.6,92.4,1.5,,,
Rasmussen, Drew,656876,2021,76.0,23.8,8.1,97.1,1.4,91.1,1.5,88.6,,
Scott, Tanner,656945,2021,54.0,27.9,14.7,96.8,1.2,96.1,1.4,,,
Sheffield, Justus,656954,2021,80.1,16.4,11.2,93.3,1.4,92.3,1.2,,,
Steele, Justin,657006,2021,57.0,23.8,10.9,93.2,1.7,92.9,1.6,,,
Taylor, Josh,657031,2021,47.2,28.7,11.0,94.6,1.3,94.5,1.2,,,
Toussaint, Touki,657053,2021,50.0,22.2,10.2,93.7,1.5,92.7,1.6,,,
Watkins, Spenser,657093,2021,54.2,13.7,7.5,90.8,1.3,,,86.7,1.6,
Webb, Jacob,657097,2021,34.1,21.6,9.2,94.1,0.9,,,,,
Webb, Logan,657277,2021,148.1,26.5,6.0,93.2,1.1,92.8,1.3,91.2,1.3,
Hill, Tim,657612,2021,59.2,22.0,9.0,92,1.1,91.1,1.2,,,
Lamet, Dinelson,659275,2021,47.0,27.3,10.5,95.5,1.4,95.3,1.3,,,
Ohtani, Shohei,660271,2021,130.1,29.3,8.3,95.6,2.5,,,86.9,2.4,
Yang, Hyeon-Jong,660365,2021,35.1,15.6,10.0,89.9,1.5,,,,,
Ynoa, Huascar,660623,2021,91.0,26.9,6.7,96.5,1.7,95.6,1.4,,,
Suarez, Jose,660761,2021,98.1,20.6,8.7,92.9,1.3,91.3,1.4,,,
Graterol, Brusdar,660813,2021,33.1,18.0,8.7,99.5,1.4,100,1.1,95.3,1.5,
De Los Santos, Enyel,660853,2021,35.1,27.7,10.4,94.8,1.3,,,,,
Alcala, Jorge,660896,2021,59.2,26.6,5.7,97.4,1.7,97.2,1.5,,,
Gutierrez, Vladimir,661269,2021,114.0,17.7,9.3,93.2,1.3,92.9,1.4,,,
Clase, Emmanuel,661403,2021,69.2,26.5,5.7,100.6,1.4,,,100.2,1,
Thornton, Trent,663423,2021,49.0,24.1,7.4,93.9,1.7,93,1.5,89.9,1.6,
Rainey, Tanner,663432,2021,31.2,27.8,16.6,96.3,1.6,,,,,
Bubic, Kris,663460,2021,130.0,20.5,10.6,90.9,1.8,,,,,
Allard, Kolby,663465,2021,124.2,19.5,5.8,91.5,1.1,92.5,1.4,86.3,1.4,
McKenzie, Triston,663474,2021,120.0,27.5,11.7,92.1,1.5,,,,,
Allen, Logan,663531,2021,50.1,16.7,7.7,92.7,1.3,90.2,1.4,82.9,1.4,
Mize, Casey,663554,2021,150.1,19.3,6.7,93.9,1.6,93.2,1.6,,,
McClanahan, Shane,663556,2021,123.1,27.3,7.2,96.4,2,,,,,
Santillan, Tony,663574,2021,43.1,29.5,11.1,95,1.4,,,,,
Neidert, Nick,663734,2021,35.2,13.4,14.6,91.7,1.4,,,85.6,,
Lynch, Daniel,663738,2021,68.0,17.7,10.0,93.8,1.5,93.2,1.5,,,
Woodford, Jake,663765,2021,67.2,17.1,8.5,92.1,1.5,91.4,1.4,,,
Sandoval, Patrick,663776,2021,87.0,25.9,9.9,93.2,1.6,93.3,1.6,,,
Kowar, Jackson,663804,2021,30.1,18.8,13.0,95.6,1.1,,,,,
Singer, Brady,663903,2021,128.1,22.4,9.0,92.7,1.5,93.7,1.3,,,
Paddack, Chris,663978,2021,108.1,21.6,4.8,94.8,1.5,,,,,
Stephan, Trevor,663986,2021,63.1,26.6,11.0,96.2,1.5,,,,,
Gonsolin, Tony,664062,2021,55.2,27.2,14.2,93.8,1.5,,,,,
Ponce, Cody,664074,2021,38.1,20.1,6.1,93.2,1.3,92.7,1.5,89.4,1.5,
Fairbanks, Pete,664126,2021,42.2,29.6,11.1,97.1,1.5,94.1,1.5,,,
Brubaker, JT,664141,2021,124.1,24.0,7.1,92.9,1.3,93.4,1.2,,,
Lucchesi, Joey,664192,2021,38.1,26.1,7.0,,,91,1.5,90.8,1.3,
Clarke, Taylor,664199,2021,43.1,20.1,7.2,95.5,0.9,,,,,
Maton III, Phil,664208,2021,66.2,28.6,10.8,91.5,1.1,,,88,1.7,
Valdez, Framber,664285,2021,134.2,21.9,10.1,92.1,1.5,92.5,1.7,,,
Javier, Cristian,664299,2021,101.1,30.7,12.5,93.5,1.4,,,,,
Urquidy, Jose,664353,2021,107.0,21.3,4.5,92.5,1.7,,,,,
Helsley, Ryan,664854,2021,47.1,22.8,13.1,97.4,1.7,97.5,1.5,,,
Keller, Kyle,664918,2021,33.1,23.2,14.2,94.5,1.4,,,,,
Misiewicz, Anthony,664948,2021,54.2,22.5,6.4,94.3,1.1,,,88.7,1.8,
Kremer, Dean,665152,2021,53.2,19.2,10.2,92.6,1.4,,,87.2,1.5,
Anderson, Ian,666120,2021,128.1,23.2,9.9,94.6,1.1,94.1,1.4,,,
Garrett, Braxton,666129,2021,34.0,20.1,12.6,90.3,1.2,89.1,1.1,,,
Manning, Matt,666159,2021,85.1,14.8,8.6,93.5,1.6,93.7,1.6,,,
Luzardo, Jesus,666200,2021,95.1,22.4,11.0,95.7,1.7,95.1,1.7,,,
Manoah, Alek,666201,2021,111.2,27.7,8.7,93.7,1.3,92.8,1.4,,,
Muller, Kyle,666205,2021,36.2,23.9,12.9,93.4,1.6,93.5,1.5,,,
King, John,667463,2021,46.0,20.7,6.2,,,92.2,1.4,87.3,2.1,
Plesac, Zach,668676,2021,142.2,16.7,5.7,92.8,1.5,,,,,
Gallen, Zac,668678,2021,121.1,26.6,9.4,93.4,1.3,93.3,1.4,90.3,1.4,
Kranick, Max,668820,2021,38.2,17.6,10.4,94.2,1.7,,,,,
Wilson, Bryse,669060,2021,74.0,14.3,6.8,93,1.2,92.7,1.2,,,
Zimmermann, Bruce,669145,2021,64.1,19.6,7.7,91.4,1.3,,,,,
Burnes, Corbin,669203,2021,167.0,35.6,5.2,96.4,1.4,96.9,1.2,95.2,1.3,
Akin, Keegan,669211,2021,95.0,19.2,9.4,92,1.4,,,,,
Morgan, Eli,669212,2021,89.1,21.4,5.8,90.5,1.5,,,86.6,1.5,
Gilbert, Logan,669302,2021,119.1,25.4,5.6,95.3,1.3,,,,,
Wells, Tyler,669330,2021,57.0,29.0,5.4,95.2,1.4,,,,,
Skubal, Tarik,669373,2021,149.1,25.9,7.4,94.3,1.6,94.5,1.5,94.2,1.4,
Rogers, Trevor,669432,2021,133.0,28.5,8.4,94.5,1.6,94.9,,,,
Bieber, Shane,669456,2021,96.2,33.1,8.1,92.8,1,,,88.2,1.4,
Bender, Anthony,669622,2021,61.1,28.7,8.1,97.5,1.3,96.8,1.1,,,
Long, Sam,669674,2021,40.2,21.6,8.5,92.6,1.4,92.4,1.5,,,
White, Mitch,669952,2021,46.2,24.9,8.6,94.4,1.3,96.3,1.5,,,
Bednar, David,670280,2021,60.2,32.5,8.0,96.7,1.2,,,,,
Oviedo, Johan,670912,2021,62.1,17.7,12.8,94.9,1.6,96.7,1.4,,,
Richards, Trevor,670950,2021,64.1,31.1,8.8,92.7,1,,,,,
Hernandez, Carlos,672578,2021,85.2,20.7,11.5,97.2,1.9,,,,,
Patino, Luis,672715,2021,77.1,22.2,8.7,95.7,1.5,94.6,1.5,,,
Karinchak, James,675916,2021,55.1,33.2,13.6,95.9,1,,,,,
Howard, Spencer,675921,2021,49.2,22.7,11.8,94.2,1.8,94,1.4,88.1,1.7,
Heuer, Codi,676051,2021,67.1,19.9,8.2,95.9,1.4,,,,,
Whitlock, Garrett,676477,2021,73.1,27.2,5.7,96.3,1.4,95.8,1.3,,,
Fleming, Josh,676596,2021,104.1,14.5,6.9,91,1.5,91.2,1.2,86.3,1.3,
Vest, Will,676684,2021,35.0,17.3,11.5,93.5,1.1,,,,,
Peacock, Matt,676840,2021,86.1,13.0,7.3,92.9,1.5,93.4,1.4,,,
de Geus, Brett,676969,2021,50.0,17.2,10.5,91.3,1.5,93.8,1.2,88.4,1.4,
Crochet, Garrett,676979,2021,54.1,28.3,11.7,96.7,1.3,,,,,
Garcia, Luis,677651,2021,155.1,26.4,7.9,93.3,1.5,,,86.1,1.8,
Weathers, Ryan,677960,2021,94.2,18.0,7.5,93.9,1.5,93.7,1.5,,,
Dobnak, Randy,677976,2021,50.2,11.8,5.3,93.5,1.4,91.6,1.2,,,
Gray, Josiah,680686,2021,70.2,24.8,10.7,94.6,1.1,,,,,
Vesia, Alex,681911,2021,40.0,33.5,13.7,93.8,1.3,,,,,
Arihara, Kohei,685503,2021,40.2,13.5,7.3,91.2,2.1,90.1,1.6,87.1,1.7,
Wainwright, Adam,425794,2022,191.2,17.8,6.7,88,1.4,88.6,1.5,84.3,1.6,
Greinke, Zack,425844,2022,137.0,12.5,4.6,89.1,1.4,89.3,1.3,85.8,1.4,
Verlander, Justin,434378,2022,175.0,27.8,4.4,95,1.3,,,,,
Sanchez, Anibal,434671,2022,69.1,16.4,11.3,89.9,1.3,89.1,1.4,87.3,1.5,
Jansen, Kenley,445276,2022,64.0,32.7,8.5,,,93.6,1.5,92.2,1.6,
Chavez, Jesse,445926,2022,69.1,25.3,6.8,90.6,1.4,91.2,1.2,89.1,1.1,
Kluber, Corey,446372,2022,164.0,20.2,3.0,88.9,1.3,88.9,1.1,86.3,1.3,
Hill, Rich,448179,2022,124.1,20.7,7.0,88.5,1.2,86.1,1.5,84.2,1.4,
Morton, Charlie,450203,2022,172.0,28.2,8.7,94.9,1.2,94.7,1.2,88.4,1.5,
Kennedy, Ian,453178,2022,50.1,19.0,9.5,93.4,0.9,,,85.8,1.3,
Bard, Daniel,453268,2022,60.1,28.2,10.2,97.8,1.5,98,1.1,,,
Scherzer, Max,453286,2022,145.1,30.6,4.2,94,1.3,,,89.2,1.2,
Melancon, Mark,453343,2022,56.0,14.2,8.5,91.7,1.2,,,90.9,1.1,
Martin, Chris,455119,2022,56.0,32.9,2.2,95.3,1,94.6,1.2,91.7,1.2,
Price, David,456034,2022,40.1,22.2,5.4,92.1,1.8,92.4,1.5,87.9,1.7,
Cueto, Johnny,456501,2022,158.1,15.7,5.1,91.4,1.5,91.4,1.5,86.9,1.4,
Bush, Matt,456713,2022,59.2,30.3,7.4,97.3,1.2,,,92.9,1.6,
Lynn, Lance,458681,2022,121.2,24.2,3.7,93,1.4,91.5,1.5,89,1.4,
McGee, Jake,459429,2022,37.0,15.3,7.4,94.4,1.7,,,,,
Chacin, Jhoulys,468504,2022,47.1,16.9,9.6,92.6,1.4,92.9,1.2,,,
Carrasco, Carlos,471911,2022,152.0,23.6,6.4,93.2,1.2,91.9,1.3,,,
Garcia, Luis,472610,2022,61.0,26.3,6.6,97.4,1.5,98.7,1.4,,,
Phelps, David,475479,2022,63.2,23.5,11.4,93.2,1,93.2,1.1,89.8,1.1,
Luetge, Lucas,476595,2022,57.1,23.9,6.8,,,,,87.6,1.3,
Kershaw, Clayton,477132,2022,126.1,27.8,4.7,90.7,1,90.8,1.4,,,
Miley, Wade,489119,2022,37.0,17.6,8.8,89.1,1.5,88.3,1.3,85.1,1.4,
Stammen, Craig,489334,2022,40.2,19.8,5.6,91,1.5,91.4,1.1,87.8,1.2,
Ottavino, Adam,493603,2022,65.2,30.6,6.2,94.8,1.2,94.2,1.2,87.8,1.5,
Quintana, Jose,500779,2022,165.2,20.2,6.9,91.2,1.1,91.4,1,,,
Pineda, Michael,501381,2022,46.2,13.0,4.0,89.9,1.2,,,,,
Minor, Mike,501985,2022,98.0,16.7,8.8,90.4,1.3,89.9,1.4,,,
Archer, Chris,502042,2022,102.2,19.2,11.0,93,1.4,,,,,
Gibson, Kyle,502043,2022,167.2,20.1,6.7,92,1.2,91.6,1.4,89.4,1.5,
Robertson, David,502085,2022,63.2,30.7,13.3,,,,,93,1.3,
Cobb, Alex,502171,2022,149.2,23.9,6.8,95.5,1.4,94.8,0.9,,,
Espino, Paolo,502179,2022,113.1,18.9,4.9,88.5,1.1,,,,,
Boxberger, Brad,502202,2022,64.0,25.4,10.1,92.7,1.3,,,,,
Peralta, Wily,503449,2022,38.1,19.0,14.3,95.4,1.3,95.5,1.2,,,
Darvish, Yu,506433,2022,194.2,25.6,4.8,95,1.5,94.7,1.5,86.5,2.4,
Colome, Alex,517008,2022,47.0,14.9,10.2,94.5,1.3,,,90.8,1.3,
Brasier, Ryan,518489,2022,62.1,24.3,4.9,95.9,1.2,96.1,1,,,
Bumgarner, Madison,518516,2022,158.2,16.0,7.0,91.2,1.1,91.2,1.4,87.4,1.2,
Cishek, Steve,518553,2022,66.1,25.8,9.4,89.3,1.4,89.8,1.2,,,
Diekman, Jake,518617,2022,57.2,29.4,15.6,95.6,1.2,95.3,1.5,,,
Kelly, Merrill,518876,2022,200.1,22.0,7.6,92.6,1.3,92.6,1.2,90.9,1.3,
Kimbrel, Craig,518886,2022,60.0,27.7,10.8,95.8,1.1,,,,,
Moore, Matt,519043,2022,74.0,27.3,12.5,93.9,1.1,,,,,
Pressly, Ryan,519151,2022,48.1,35.7,7.1,94.5,1.4,,,,,
Smith, Will,519293,2022,59.0,24.9,9.6,92.1,1.2,,,,,
Strickland, Hunter,519326,2022,62.1,21.1,11.6,95,1.4,94.3,1.9,,,
Hendriks, Liam,521230,2022,57.2,36.2,6.8,97.6,1.1,,,,,
Kelly, Joe,523260,2022,37.0,31.2,13.5,97.1,1.4,97.9,1.2,,,
Perez, Martin,527048,2022,196.1,20.6,8.4,92.7,1.3,92.6,1.4,89.8,1.4,
Castellanos, Humberto,528748,2022,44.1,16.5,6.2,89.4,1.6,90.4,1.3,,,
Ramirez, Erasmo,541640,2022,86.1,17.6,4.0,93.7,1.5,93.1,1.4,89.2,1.4,
Anderson, Tyler,542881,2022,178.2,19.5,4.8,90.7,1.4,89,1.5,85.7,2,
Armstrong, Shawn,542888,2022,61.2,24.5,6.3,95.3,1.2,95.6,1.1,92.3,1.5,
Bass, Anthony,542914,2022,70.1,26.5,7.3,95,1.1,95.4,1,,,
Bleier, Richard,542947,2022,50.2,14.4,4.5,90.8,1.1,89.8,1,87.3,1.4,
Cole, Gerrit,543037,2022,200.2,32.4,6.3,97.8,1.3,,,92,1.5,
Eovaldi, Nathan,543135,2022,109.1,22.4,4.3,95.7,1.9,,,90.6,2.1,
Gray, Sonny,543243,2022,119.2,24.0,7.4,92.1,1,92,1.1,83.4,1.5,
Hand, Brad,543272,2022,45.0,19.2,11.6,92.6,1.1,92.4,1.1,,,
Hendricks, Kyle,543294,2022,84.1,18.5,6.7,86.9,1,86.5,1,,,
Lyles, Jordan,543475,2022,179.0,18.6,6.7,91.8,1.2,90.8,1.3,84.8,2,
McHugh, Collin,543521,2022,69.1,27.6,5.1,91,1.4,,,88.9,1.2,
Odorizzi, Jake,543606,2022,106.1,19.0,7.7,92.1,1,,,87.6,1.5,
Shaw, Bryan,543766,2022,58.1,19.9,10.0,,,92.4,1.9,92.9,2.4,
Banuelos, Manny,544365,2022,41.0,24.0,12.0,93.7,1.1,93.4,1.2,,,
Familia, Jeurys,544727,2022,44.1,20.1,10.8,95.4,1.5,95.2,1.2,,,
Lorenzen, Michael,547179,2022,97.2,20.7,10.7,94.6,1.2,93.9,1.3,90.4,1.5,
Chapman, Aroldis,547973,2022,36.1,26.9,17.5,97.5,2.1,100.2,1.3,,,
Raley, Brooks,548384,2022,53.2,27.9,6.8,90.5,1.4,90.7,1.1,88,1.2,
Stripling, Ross,548389,2022,134.1,20.7,3.7,91.9,1.6,89.9,1.7,,,
Garcia, Yimi,554340,2022,61.0,23.5,6.5,94.9,1.5,93.8,1.4,,,
Wheeler, Zack,554430,2022,153.0,26.9,5.6,95.9,1.3,95.4,1.3,,,
Matzek, Tyler,554431,2022,43.2,19.6,15.8,94.1,1.3,,,,,
Rodriguez, Joely,570257,2022,50.1,26.4,12.0,92.8,1.3,92.7,1.1,,,
Urena, Jose,570632,2022,97.0,14.6,10.0,96.1,1.1,95.6,1.1,,,
Cessa, Luis,570666,2022,80.2,17.6,8.3,93.3,1.3,93.6,1.2,,,
Bellatti, Andrew,571479,2022,54.1,33.9,10.9,94.4,1.1,,,,,
Corbin, Patrick,571578,2022,152.2,18.0,6.9,92.1,1.5,92.9,1.5,,,
Farmer, Buck,571656,2022,47.0,27.1,12.6,94.6,0.9,,,,,
Floro, Dylan,571670,2022,53.2,21.8,6.8,92.4,1.3,92.6,1.3,,,
Givens, Mychal,571710,2022,61.1,27.3,9.6,93.4,1.6,,,,,
Heaney, Andrew,571760,2022,72.2,35.5,6.1,93,1.5,,,,,
Hutchison, Drew,571800,2022,105.1,14.7,9.1,92.4,1.3,92.7,1.2,,,
Loup, Aaron,571901,2022,58.2,20.0,8.5,,,91.2,1.4,84.7,1.4,
Matz, Steven,571927,2022,48.0,26.1,4.8,,,94.5,1,,,
Mikolas, Miles,571945,2022,202.1,19.0,4.8,93.5,1.5,93,1.5,,,
Milner, Hoby,571948,2022,64.2,23.5,5.5,89.2,1.3,88.9,1.1,,,
Richards, Garrett,572070,2022,42.2,19.5,7.0,94.4,1,95.7,1.5,,,
Tepera, Ryan,572193,2022,57.1,20.3,8.6,92.6,1.2,92.9,1.2,,,
Keuchel, Dallas,572971,2022,60.2,14.9,10.2,87.9,1.1,87.2,1.1,85.2,1.2,
Mantiply, Joe,573009,2022,60.0,25.1,2.5,91,1.3,90.4,1.2,,,
Rogers, Taylor,573124,2022,64.1,30.7,6.9,93.6,1.4,94.3,1,,,
Stroman, Marcus,573186,2022,138.2,20.9,6.3,92.4,1.3,92,0.9,89.4,1.8,
Thielbar, Caleb,573204,2022,59.1,32.7,7.3,92.8,1.3,,,,,
Kikuchi, Yusei,579328,2022,100.2,27.3,12.8,94.9,1.1,,,91.1,1.2,
Adam, Jason,592094,2022,63.1,31.6,7.2,94.8,1.3,,,,,
Gausman, Kevin,592332,2022,174.2,28.3,3.9,95,1.8,,,,,
Gray, Jon,592351,2022,127.1,25.7,7.5,95.9,1.2,,,,,
Ray, Robbie,592662,2022,189.0,27.4,8.0,93.4,1.5,93.3,1.5,,,
Sampson, Adrian,592716,2022,104.1,17.1,6.3,92.5,1,91.9,1,84.9,1.3,
Sanchez, Aaron,592717,2022,60.0,15.5,5.7,92.4,1.5,92.2,1.4,,,
Smith, Caleb,592761,2022,70.0,21.5,12.9,91.9,1.3,,,,,
Smyly, Drew,592767,2022,106.1,20.4,5.8,,,92.6,1.2,88.6,1.5,
Stanek, Ryne,592773,2022,54.2,27.7,13.8,98.3,1.2,,,,,
Syndergaard, Noah,592789,2022,134.2,16.8,5.5,94.1,1.3,93.6,1.2,,,
Taillon, Jameson,592791,2022,177.1,20.7,4.4,94.1,1.1,94.2,1,90.7,1.4,
Velasquez, Vince,592826,2022,75.1,21.6,7.8,93.2,1.3,91.9,1.4,,,
Walker, Taijuan,592836,2022,157.1,20.3,6.9,93.7,1.4,92.9,1.2,88.6,1.6,
Wick, Rowan,592858,2022,64.0,23.5,9.9,94.9,1.3,91.7,1.5,93.1,1.6,
Williams, Trevor,592866,2022,89.2,22.6,6.2,91.2,1.4,89,1.3,,,
German, Domingo,593334,2022,72.1,19.5,6.4,92.7,1.2,92.7,1.2,,,
Montas, Frankie,593423,2022,144.1,23.4,7.1,96.1,1.2,95.6,1.2,89.5,1,
Neris, Hector,593576,2022,65.1,30.0,6.5,94.3,0.9,94.5,0.9,,,
Rodriguez, Eduardo,593958,2022,91.0,18.4,8.7,91.7,1.4,91.7,1.3,88.7,1.5,
Peralta, Wandy,593974,2022,56.1,21.1,7.6,95.4,1.3,95.4,1.3,,,
Mayers, Mike,594577,2022,50.2,20.2,8.1,93.5,1.3,92,1.4,88.3,1.3,
Moll, Sam,594580,2022,43.1,24.6,11.8,,,93.3,1.3,,,
deGrom, Jacob,594798,2022,64.1,42.7,3.3,98.9,1.4,,,,,
Gonzales, Marco,594835,2022,183.0,13.2,6.4,88.4,1.1,,,86.1,1,
Okert, Steven,595345,2022,51.1,28.5,11.8,93.7,1.2,,,,,
Beede, Tyler,595881,2022,61.1,13.7,10.2,95.8,1.4,95.6,1.3,,,
Junis, Jakob,596001,2022,112.0,20.5,5.2,90.8,1.6,91.9,1.3,85.6,1.5,
Norris, Daniel,596057,2022,58.2,26.4,11.6,91.3,1.6,90.9,1.5,,,
Peters, Dillon,596071,2022,39.1,15.8,10.3,92.9,1,92.5,1.1,,,
Stephenson, Robert,596112,2022,58.0,22.3,5.7,96.8,1.2,,,,,
Weaver, Luke,596133,2022,35.2,21.8,7.5,94.9,1.5,94.7,1.5,88.1,1.4,
Gomber, Austin,596295,2022,124.2,18.0,6.4,91,1.6,,,,,
Barnes, Matt,598264,2022,39.2,19.3,11.9,95,1.2,,,,,
Ramirez, Noe,598287,2022,50.0,23.7,12.1,89.7,1.1,,,,,
Leclerc, Jose,600917,2022,47.2,27.3,10.6,96.5,1.1,,,89.2,1.4,
Machado, Andres,600921,2022,59.1,17.6,10.0,95.6,1.5,95,1.3,,,
Pivetta, Nick,601713,2022,179.2,22.6,9.4,93.4,1.3,,,,,
Barlow, Scott,605130,2022,74.1,26.6,7.6,93.6,1.5,92.6,1.4,,,
Bassitt, Chris,605135,2022,181.2,22.4,6.6,93.2,1.5,92.8,1.3,89.1,1.6,
Brebbia, John,605154,2022,68.0,18.8,6.3,94.4,1.3,,,,,
Bundy, Dylan,605164,2022,140.0,15.8,4.7,89,1.4,89.7,1.5,,,
Chafin, Andrew,605177,2022,57.1,27.6,7.8,91.6,1.4,91.6,1.5,,,
Clevinger, Mike,605182,2022,114.1,18.8,7.2,93.6,1.4,93.2,1.4,86.6,2.5,
Cotton, Jharel,605194,2022,43.0,21.5,11.0,92.7,1.6,,,,,
Davies, Zach,605200,2022,134.1,17.9,9.1,,,89.6,1.6,87.6,1.1,
Edwards Jr., Carl,605218,2022,62.0,21.9,9.8,94.6,1.3,,,,,
Fulmer, Michael,605242,2022,63.2,22.1,10.1,94.2,1.4,94.5,1.3,,,
Holmes, Clay,605280,2022,63.2,25.0,7.7,98,,97,1.6,,,
Houser, Adrian,605288,2022,102.2,15.2,10.3,94.3,1.4,93.8,1.2,,,
Lopez, Jorge,605347,2022,71.0,24.2,10.4,97.3,1.3,97.7,1.1,,,
Musgrove, Joe,605397,2022,181.0,24.9,5.7,92.9,1.2,92.4,1.2,90.1,1.3,
Nola, Aaron,605400,2022,205.0,29.1,3.6,92.8,1.3,92.2,1.4,86.8,1.3,
Romano, Jordan,605447,2022,64.0,28.3,8.1,96.9,1.6,96.5,1.4,,,
Snell, Blake,605483,2022,128.0,32.0,9.5,95.8,1.2,,,,,
Springs, Jeffrey,605488,2022,135.1,26.2,5.6,91.4,1.1,90.1,1.5,,,
Thompson, Zach,605507,2022,121.2,16.6,8.5,92.3,1.2,92.2,1.3,86.8,1.5,
Warren, Art,605521,2022,36.0,24.2,13.3,93.5,1.7,,,,,
Wisler, Matt,605538,2022,44.0,19.9,8.0,89.7,1.2,,,,,
Woodruff, Brandon,605540,2022,153.1,30.6,6.8,96.3,1.2,95.8,1.3,,,
Gallegos, Giovanny,606149,2022,59.0,31.1,7.7,94.3,1.1,,,,,
Montero, Rafael,606160,2022,68.1,27.0,8.5,96.4,1.1,95.9,1,,,
Payamps, Joel,606303,2022,55.2,17.0,6.6,94.8,1.3,94.3,1.2,,,
Garcia, Jarlin,606424,2022,65.0,20.7,6.7,93.8,1.2,,,,,
Moronta, Reyes,606625,2022,37.2,23.6,11.2,95.3,1.2,,,,,
Rodon, Carlos,607074,2022,178.0,33.4,7.3,95.5,1.9,,,,,
Weems, Jordan,607179,2022,39.2,24.7,7.2,96.8,1.3,,,,,
Fedde, Erick,607200,2022,127.0,16.4,10.1,,,92.5,1.3,89.2,1.4,
Krehbiel, Joey,607216,2022,57.2,18.4,7.4,94.4,1.5,,,86.3,2.5,
Garrett, Amir,607237,2022,45.1,25.0,16.3,94.2,1.4,93.4,1.3,,,
Martinez, Nick,607259,2022,106.1,21.2,9.2,93.4,1.4,93.3,1.2,88.6,1.6,
Freeland, Kyle,607536,2022,174.2,17.1,6.9,90.3,1.4,89.6,1.7,,,
Lugo, Seth,607625,2022,65.0,25.4,6.6,94.4,1.5,94.4,1.7,,,
Estevez, Carlos,608032,2022,57.0,23.0,9.8,97.5,1.6,,,,,
De Jong, Chase,608328,2022,71.2,20.1,10.2,92.8,1.1,93.4,1.5,,,
Fried, Max,608331,2022,185.1,23.2,4.4,94,1.9,93.6,1.8,,,
Giolito, Lucas,608337,2022,161.2,25.4,8.7,92.6,1.4,,,,,
Irvin, Cole,608344,2022,181.0,17.3,4.9,90.7,1.6,90.3,1.7,87.1,1.9,
Knebel, Corey,608349,2022,44.2,21.1,14.4,95.6,1.1,,,,,
Wacha, Michael,608379,2022,127.1,20.2,6.0,93,1.4,92.6,1.4,88.8,1.4,
Marquez, German,608566,2022,181.2,19.3,8.1,95.6,1.7,95.1,1.4,,,
Duffey, Tyler,608648,2022,44.0,21.1,8.1,92.3,1.2,92.4,1.2,,,
Graveman, Kendall,608665,2022,65.0,23.2,9.1,96.6,1.3,96.5,1.3,,,
Leone, Dominic,608678,2022,49.1,23.4,10.8,95.5,1.1,94.8,,91.4,1.3,
Stratton, Chris,608717,2022,63.1,21.5,9.0,92.8,1.2,92.9,1.3,,,
Suter, Brent,608718,2022,66.2,19.5,8.1,86.4,1.7,87.4,1.5,,,
Voth, Austin,608723,2022,101.2,20.4,7.0,93.5,1.2,,,89.5,1.4,
Ruiz, Jose,614179,2022,60.2,25.7,12.5,96.9,1.1,96,1.4,,,
Quantrill, Cal,615698,2022,186.1,16.6,6.1,93.4,1.4,93.6,1.2,88.5,1.6,
Sawamura, Hirokazu,617228,2022,50.2,18.1,12.2,95.9,1.2,,,,,
Cuas, Jose,621016,2022,37.2,18.9,13.3,,,93.1,1.3,,,
Wilson, Steven,621051,2022,53.0,24.8,9.3,95.1,1.3,,,,,
Rucker, Michael,621074,2022,54.2,21.8,8.7,94.7,1.2,,,88.8,,
Kaprielian, James,621076,2022,134.0,17.0,10.2,94,1.1,94.4,1.2,,,
Eflin, Zach,621107,2022,75.2,20.8,4.8,93.1,1.5,92.7,1.3,90,1.6,
Buehler, Walker,621111,2022,65.0,21.2,6.2,95.2,1.3,94.9,1.5,91.5,1.6,
Blackburn, Paul,621112,2022,111.1,19.1,6.4,91.5,1.2,91.7,1.2,87.1,1.4,
McCullers Jr., Lance,621121,2022,47.2,25.6,11.3,,,93.1,1.4,88.3,1.4,
Alvarado, Jose,621237,2022,51.0,37.9,11.2,97.8,1.6,99.6,1.4,93.8,1.9,
Diaz, Edwin,621242,2022,62.0,50.2,7.7,99.1,1.5,95.2,,,,
Berrios, Jose,621244,2022,172.0,19.8,6.0,94,1.2,93.9,1.3,,,
Garza Jr., Ralph,621248,2022,35.0,11.1,10.5,91.2,1.1,87.8,1.1,89.4,1.1,
Underwood Jr., Duane,621249,2022,57.1,22.0,9.7,95.9,1.4,95.3,1.3,92.4,1.7,
Minter, A.J.,621345,2022,70.0,34.7,5.5,96.6,0.9,,,90.3,1.4,
Poche, Colin,621363,2022,58.2,26.1,9.0,93.2,1.1,,,,,
Hearn, Taylor,621368,2022,100.0,21.6,9.6,94.8,1.4,93.8,1.6,88.7,1.9,
Strahm, Matt,621381,2022,44.2,26.9,8.8,94.2,1.1,94,1.3,,,
Banks, Tanner,621383,2022,53.0,22.6,8.3,92.9,1.3,,,,,
Blach, Ty,621389,2022,44.1,15.0,5.7,,,91.1,1.1,85,1.3,
Wood, Alex,622072,2022,130.2,23.6,5.4,,,92.4,1,,,
Smith, Drew,622098,2022,46.0,28.3,8.0,95.7,1.2,95.6,,,,
Staumont, Josh,622251,2022,37.2,24.4,16.5,96.1,1.6,97.1,1.7,,,
Tate, Dillon,622253,2022,73.2,20.5,5.5,93,1.4,94,1.7,,,
Castillo, Luis,622491,2022,150.1,27.2,7.3,97.1,1.3,96.9,1.5,,,
Crismatt, Nabil,622503,2022,67.1,23.2,7.9,90.5,1.6,90,1.6,,,
Dominguez, Seranthony,622554,2022,51.0,29.5,10.6,97.6,1.3,98.2,1.4,92.9,1.5,
Senzatela, Antonio,622608,2022,92.1,13.1,5.6,94.2,1.6,92.8,1.4,,,
Severino, Luis,622663,2022,102.0,27.7,7.4,96.3,1.6,96,1.5,90.4,2.1,
Hernandez, Elieser,622694,2022,62.1,21.6,7.9,91.6,1.1,92,1.4,,,
Sewald, Paul,623149,2022,64.0,29.8,7.0,92.5,1.3,,,,,
Flexen, Chris,623167,2022,137.2,16.1,8.6,91.7,1.3,,,87.4,1.5,
Hader, Josh,623352,2022,50.0,37.0,9.6,,,97.4,1.2,,,
Stephens, Jackson,623451,2022,53.2,20.0,9.8,94.1,1.1,94,1.2,,,
Phillips, Evan,623465,2022,63.0,33.0,6.4,96,1.3,96.2,1.1,93.3,1.2,
Herget, Jimmy,623474,2022,69.0,23.7,5.6,92.1,1.5,90.4,1.6,,,
Suarez, Ranger,624133,2022,155.1,19.5,8.8,93.2,1.2,92.5,1.2,89.7,1.6,
Thompson, Keegan,624522,2022,115.0,22.3,8.9,93.5,1.2,92.8,1.5,89.8,1.5,
Lopez, Reynaldo,625643,2022,65.1,24.8,4.3,97.1,1.8,,,,,
Iglesias, Raisel,628452,2022,62.0,31.7,5.7,95,1.3,94.8,1.3,,,
Marte, Yunior,628708,2022,48.0,20.6,10.3,97.8,1.2,96.9,1.2,,,
Urias, Julio,628711,2022,175.0,24.1,6.0,93.1,1.5,93.9,1.5,,,
Crowe, Wil,640444,2022,76.0,20.5,11.4,95.1,1.4,94.4,1.6,,,
Finnegan, Kyle,640448,2022,66.2,26.1,8.2,,,97,1.3,,,
Harvey, Hunter,640451,2022,39.1,28.7,7.6,98.3,1.1,96.7,1.5,,,
Manaea, Sean,640455,2022,158.0,23.2,7.5,,,91.2,1.9,,,
Puk, A.J.,640462,2022,66.1,27.0,8.2,96.7,1.1,96.1,1.1,,,
Lopez, Pablo,641154,2022,180.0,23.6,7.2,93.5,1.7,93.4,1.4,88.7,1.6,
Alexander, Tyler,641302,2022,101.0,14.3,5.9,90.1,1,90.1,1.1,85.5,1.2,
Baker, Bryan,641329,2022,69.2,26.1,8.9,96.2,2,,,87.3,2.2,
Bickford, Phil,641360,2022,61.0,27.1,5.7,94.1,1.3,,,,,
Brogdon, Connor,641401,2022,44.0,26.6,5.9,95.1,1.1,,,88.3,1.4,
Castano, Daniel,641447,2022,35.2,12.8,5.8,92,1.5,89.4,1.5,86.5,1.5,
Cortes Jr., Nestor,641482,2022,158.1,26.5,6.2,91.8,1.7,90.8,1.4,86.9,1.9,
Danish, Tyler,641501,2022,40.1,18.5,6.9,91.2,1.4,90.9,1.3,,,
Dunning, Dane,641540,2022,153.1,20.4,9.2,86.9,1.6,89.5,1.3,87.1,1.6,
Foster, Matt,641582,2022,45.0,21.8,8.8,93.7,1.2,,,92.6,1.4,
Gott, Trevor,641627,2022,45.2,23.7,6.5,95.2,1,95.1,1.1,91.5,1.3,
Hudson, Dakota,641712,2022,139.2,13.1,10.2,91.4,1.3,91.9,1.2,,,
Jefferies, Daulton,641726,2022,39.1,16.3,4.7,92.4,1.3,92.5,1.4,89.6,1.6,
Jimenez, Joe,641729,2022,56.2,33.3,5.6,95.7,1,,,,,
Keller, Brad,641745,2022,139.2,16.5,9.2,94.5,1.8,93.4,1.6,,,
Kuhl, Chad,641771,2022,137.0,17.8,9.4,92.9,1.6,92.8,1.6,,,
Lauer, Eric,641778,2022,158.2,23.8,8.9,93.3,1.4,,,89.8,1.7,
Littell, Zack,641793,2022,44.1,20.5,6.8,94.5,1.2,,,,,
Mahle, Tyler,641816,2022,120.2,25.0,8.5,93.2,1.8,,,85.5,2.1,
Mayza, Tim,641835,2022,48.2,22.8,6.2,94,,93.7,1.2,,,
Ober, Bailey,641927,2022,56.0,22.5,4.8,91.5,1.1,,,,,
Pagan, Emilio,641941,2022,63.0,30.7,9.5,95.6,1.3,,,85.8,1.7,
Trivino, Lou,642152,2022,53.2,26.8,9.6,95.6,1.1,95.8,1,92.3,1.4,
Williams, Devin,642207,2022,60.2,40.0,12.5,93.9,1.3,,,87,1.9,
Yarbrough, Ryan,642232,2022,80.0,17.2,6.2,,,86.7,1.4,82.3,1.6,
Soto, Gregory,642397,2022,60.1,22.8,12.9,98.7,1.3,98.1,1.3,,,
Loaisiga, Jonathan,642528,2022,48.0,18.2,9.4,98.2,1.4,98,1.1,,,
Barria, Jaime,642545,2022,79.1,17.1,6.0,92,1.3,91.7,1.5,,,
Peralta, Freddy,642547,2022,78.0,27.1,8.5,92.6,2.2,,,,,
Bautista, Felix,642585,2022,65.2,34.8,9.1,99.2,1.7,,,90,1.4,
Santana, Dennis,642701,2022,58.2,21.2,11.0,97.7,1.2,96.7,1.2,,,
Acevedo, Domingo,642758,2022,67.2,21.8,6.4,93,1.1,92.2,1.4,,,
Cimber, Adam,643256,2022,70.2,19.8,4.4,86.5,1.4,86.5,1.1,,,
Jax, Griffin,643377,2022,72.1,26.9,6.9,95.4,1.1,,,,,
Leiter Jr., Mark,643410,2022,67.2,25.9,8.9,91.1,1,90.9,1,87.3,1.6,
Pruitt, Austin,643493,2022,55.1,17.0,4.0,91.4,1.1,,,,,
Rogers, Tyler,643511,2022,75.2,15.4,7.2,83.2,1.1,83.5,1.5,,,
Arano, Victor,644364,2022,42.0,23.5,6.4,94.5,1.3,93.9,1.1,,,
Alcantara, Sandy,645261,2022,228.2,23.4,5.6,98,1.3,97.8,1.3,,,
Pop, Zach,647315,2022,39.0,15.9,2.5,,,96.5,1.3,,,
Abreu, Bryan,650556,2022,60.1,35.5,10.5,97.2,1.5,96,1.4,,,
King, Michael,650633,2022,51.0,33.2,8.0,96.4,1.4,95.5,1.4,,,
Civale, Aaron,650644,2022,97.0,24.1,5.4,90.7,1.2,91.3,1.2,86.3,1.5,
Quijada, Jose,650671,2022,40.2,30.8,12.4,94.5,1.5,,,,,
Cabrera, Genesis,650893,2022,44.2,16.5,10.3,96.1,1.4,95.9,1.4,,,
Castillo, Diego,650895,2022,54.1,23.9,9.9,95.7,1.2,95.1,1.3,,,
Sanchez, Cristopher,650911,2022,40.0,19.8,9.6,,,93,1.3,,,
Abreu, Albert,656061,2022,38.2,22.1,12.8,97.6,1.3,98.5,1.3,,,
Beeks, Jalen,656222,2022,61.0,28.0,8.8,95,1.2,,,87.5,1.5,
Bird, Jake,656234,2022,47.2,19.9,10.9,,,95,0.9,91.4,1.2,
Burke, Brock,656271,2022,82.1,27.4,7.3,95,1.2,93.5,1.4,,,
Cease, Dylan,656302,2022,184.0,30.4,10.4,96.8,1.3,96.5,1.3,,,
Davidson, Tucker,656353,2022,52.0,13.6,14.4,93.2,1.6,93,1.5,,,
Davis, Austin,656354,2022,56.0,24.2,12.5,94.1,1.5,93.6,1.5,,,
Faedo, Alex,656412,2022,53.2,18.0,10.2,92.7,1.4,,,,,
Flaherty, Jack,656427,2022,36.0,19.8,13.2,93.3,1.9,91,1.4,88.2,1.4,
Gilbreath, Lucas,656458,2022,43.0,26.2,13.9,93.8,1.5,,,,,
Hentges, Sam,656529,2022,62.0,29.4,7.8,95.7,1.4,95.7,1.3,,,
Hoffman, Jeff,656546,2022,44.2,22.8,11.7,94.2,1,,,,,
Houck, Tanner,656557,2022,60.0,22.7,8.9,95.2,1.1,94.5,1.3,,,
Keller, Mitch,656605,2022,159.0,20.1,8.7,95.5,1.6,94.4,1.4,,,
Kopech, Michael,656629,2022,119.1,21.3,11.5,94.9,1.8,,,,,
Lange, Alex,656638,2022,63.1,30.3,11.4,95.7,1.2,96.2,1,,,
Logue, Zach,656657,2022,57.0,16.3,7.8,90.1,1.1,,,85.9,1.3,
Martin, Brett,656685,2022,50.0,18.9,8.5,93.5,1.2,93.5,1.1,,,
Megill, Trevor,656730,2022,45.0,25.0,8.7,98,1.4,98.9,1.4,,,
Megill, Tylor,656731,2022,47.1,25.5,6.5,95.7,1.5,,,87.4,1.9,
Montgomery, Jordan,656756,2022,178.1,21.8,5.0,93,1.3,93,1.4,88.3,1.9,
Nelson, Nick,656793,2022,68.2,22.5,11.8,96.3,1.1,,,,,
Peterson, David,656849,2022,105.2,27.8,10.6,93.7,1.5,93.2,1.7,,,
Rasmussen, Drew,656876,2022,146.0,21.4,5.3,95.5,1,94.8,1.1,90.3,2.1,
Scott, Tanner,656945,2022,62.2,31.1,15.9,96.9,1.4,,,,,
Smeltzer, Devin,656970,2022,70.1,13.9,6.6,89.5,1.4,88.6,1.5,84.8,1.3,
Steele, Justin,657006,2022,119.0,24.6,9.8,92.2,1.4,91.6,1.3,,,
Swanson, Erik,657024,2022,53.2,34.0,4.9,93.6,1.3,,,,,
Thompson, Ryan,657044,2022,42.2,21.5,6.1,91.6,1.4,90,1.4,87.2,1.5,
Watkins, Spenser,657093,2022,105.1,13.7,6.5,91.4,1.2,90.9,1.4,87.1,1.3,
Wright, Kyle,657140,2022,180.1,23.6,7.2,95.1,1.3,94.4,1.5,,,
Otto Jr., Glenn,657248,2022,135.2,18.2,10.6,92.1,1.4,92.2,1.3,,,
Webb, Logan,657277,2022,192.1,20.7,6.2,92.4,1.3,91.8,1.2,,,
Schmidt, Clarke,657376,2022,57.2,23.7,9.7,94.7,1.2,94.9,1.2,,,
Hill, Tim,657612,2022,48.0,12.6,7.0,91.5,1.2,89.5,1.4,88.9,1.2,
Koenig, Jared,657649,2022,39.1,12.4,8.5,89.4,1.7,89.2,1.7,82.9,1.6,
Ryan, Joe,657746,2022,147.0,25.0,7.8,92,1.5,,,,,
Ohtani, Shohei,660271,2022,166.0,33.2,6.7,97.3,1.9,97.2,1.9,90.5,2.4,
Suarez, Jose,660761,2022,109.0,22.3,7.1,92.7,1.3,91.7,1.5,,,
Graterol, Brusdar,660813,2022,49.2,21.8,5.1,99.4,1.2,99.7,1.1,95.6,1.5,
De Los Santos, Enyel,660853,2022,53.1,28.4,7.9,95.3,1.3,,,,,
Gutierrez, Vladimir,661269,2022,36.2,16.2,13.4,92.8,1.6,,,,,
Martinez, Adrian,661309,2022,57.2,20.5,7.3,,,93.8,1.2,,,
Duran, Jhoan,661395,2022,67.2,33.5,6.0,100.8,1.4,,,,,
Clase, Emmanuel,661403,2022,72.2,28.4,3.7,99.9,1.3,,,99.5,1.1,
Martinez, Seth,661527,2022,38.2,24.5,9.0,91.9,1.2,90.9,1.1,86.1,1.4,
Munoz, Andres,662253,2022,65.0,38.7,6.0,100.2,1.3,,,,,
Suarez, Robert,663158,2022,47.2,31.9,11.0,97.9,1.8,97,1.7,93.6,2.7,
Feltner, Ryan,663372,2022,97.1,19.6,8.2,94.5,1.4,93.5,1.2,,,
Thornton, Trent,663423,2022,46.0,19.6,9.0,93.8,1.5,92.9,1.5,,,
Martin, Davis,663436,2022,63.1,17.8,7.1,94,1.7,,,,,
Pilkington, Konnor,663455,2022,58.0,19.4,12.4,92.1,1.5,93.3,,,,
Bubic, Kris,663460,2022,129.0,18.7,10.7,91.9,1.6,,,,,
McKenzie, Triston,663474,2022,191.1,25.6,5.9,92.5,1.5,,,,,
McClanahan, Shane,663556,2022,166.1,30.3,5.9,96.7,1.6,,,,,
Moran, Jovani,663558,2022,40.2,32.9,11.0,93.4,1.3,,,,,
Falter, Bailey,663559,2022,84.0,21.2,4.9,91.4,1.1,91,1.1,,,
Lynch, Daniel,663738,2022,131.2,20.3,8.7,94,1.3,93.4,1.2,,,
Woodford, Jake,663765,2022,48.1,12.8,5.9,92.4,1.3,91.8,1.3,,,
Sandoval, Patrick,663776,2022,148.2,23.7,9.4,93.1,1.5,93.4,1.5,,,
Hicks, Jordan,663855,2022,61.1,24.0,13.3,100.1,1.6,99.4,1.9,,,
Singer, Brady,663903,2022,153.1,24.2,5.6,92.6,1.4,93.8,1.2,,,
Stephan, Trevor,663986,2022,63.2,30.7,6.7,96.5,1.1,,,,,
Gonsolin, Tony,664062,2022,130.1,23.9,7.0,93.1,1.3,,,,,
Effross, Scott,664123,2022,56.2,27.1,6.6,90.8,1.1,90.3,1.1,,,
Gibaut, Ian,664139,2022,36.0,30.0,11.3,95.8,1.1,,,92.4,1.5,
Brubaker, JT,664141,2022,144.0,22.8,8.4,92.7,1.2,93.1,1.2,,,
Swarmer, Matt,664161,2022,34.0,23.5,13.1,90.5,1.1,,,,,
Clarke, Taylor,664199,2022,49.0,23.6,3.9,95.6,1,,,,,
Maton III, Phil,664208,2022,65.2,26.0,8.5,91,1,90.2,1.4,82.4,1.5,
Valdez, Framber,664285,2022,201.1,23.5,8.1,94.1,1.5,93.9,1.5,83,1.6,
Moreta, Dauri,664294,2022,38.1,24.4,8.1,95.9,1.5,96,1.5,,,
Javier, Cristian,664299,2022,148.2,33.2,8.9,93.8,1.2,,,,,
Urquidy, Jose,664353,2022,164.1,19.7,5.6,93.5,1.2,,,87.4,2,
Diaz, Alexis,664747,2022,63.2,32.5,12.9,95.7,1.3,,,,,
Helsley, Ryan,664854,2022,64.2,39.3,8.4,99.6,1.9,,,,,
Lawrence, Justin,664875,2022,42.2,25.1,11.5,,,95.1,1.6,,,
Kremer, Dean,665152,2022,125.1,17.0,6.6,93.5,1.4,91.7,1.7,88,1.8,
Garcia, Rony,665621,2022,51.0,23.3,6.3,92.9,1.4,92.5,1.7,,,
Sanmartin, Reiver,665665,2022,57.0,18.4,11.3,90.9,1.8,90.5,1.7,,,
Cabrera, Edward,665795,2022,71.2,25.8,11.3,96.1,1.3,95.8,1.3,,,
Assad, Javier,665871,2022,37.2,18.1,12.0,92.9,1.2,92.4,1.3,88.1,1.5,
Anderson, Ian,666120,2022,111.2,19.7,11.0,94,1,93.5,,,,
Garrett, Braxton,666129,2022,88.0,24.1,6.4,91.4,0.9,90.9,1,,,
Ragans, Cole,666142,2022,40.0,15.5,9.2,92.1,1.3,,,88.5,1.6,
Lodolo, Nick,666157,2022,103.1,29.7,8.8,94.4,0.9,94.2,1,,,
Manning, Matt,666159,2022,63.0,18.3,7.2,93.2,1.8,92.8,1.4,,,
Luzardo, Jesus,666200,2022,100.1,30.0,8.8,96.3,1.6,95.7,1.4,,,
Manoah, Alek,666201,2022,196.2,22.9,6.5,93.9,1.5,93.3,1.6,,,
Brash, Matt,666374,2022,50.2,27.9,14.9,96.9,1.6,,,,,
Castillo, Max,666721,2022,39.1,21.8,8.8,93,1.4,,,,,
Doval, Camilo,666808,2022,67.2,28.0,10.5,,,98.4,1.5,99.4,1.8,
Nance, Tommy,667297,2022,43.2,29.1,10.7,93.8,1.3,94.2,1.2,,,
Jackson, Zach,667427,2022,48.0,33.2,16.3,94.5,1.4,,,94.2,1.5,
King, John,667463,2022,51.1,13.5,6.3,,,92.4,1.2,86.7,1.9,
Plesac, Zach,668676,2022,131.2,17.6,6.7,91.9,1.3,89.4,1.4,,,
Gallen, Zac,668678,2022,184.0,26.9,6.6,94.1,1.2,94.7,,89.9,1.4,
Greene, Hunter,668881,2022,125.2,30.9,9.0,98.9,1.9,,,,,
Ashcraft, Graham,668933,2022,105.0,15.3,6.5,,,97.2,1.9,97.3,1.6,
McCarty, Kirk,668948,2022,37.2,16.4,8.2,92.5,1.2,90.9,,88.5,1.7,
Gore, MacKenzie,669022,2022,70.0,23.3,12.0,94.7,1.8,,,,,
Wilson, Bryse,669060,2022,115.2,15.5,6.3,92.7,1.3,92.1,1.4,,,
Zimmermann, Bruce,669145,2022,73.2,15.3,3.8,90.6,1.2,90.5,1.1,,,
Heasley, Jonathan,669169,2022,104.0,15.1,10.1,93.4,1.7,93.1,1.7,,,
Burnes, Corbin,669203,2022,202.0,30.5,6.4,96.1,1.3,96.3,1.1,95,1.2,
Akin, Keegan,669211,2022,81.2,23.4,6.1,93.5,1.2,,,,,
Morgan, Eli,669212,2022,66.2,28.1,5.1,92.1,1.2,,,87.3,1.6,
Kuhnel, Joel,669270,2022,58.0,22.0,5.5,96.2,1.6,96,1.6,,,
Lee, Dylan,669276,2022,50.2,29.4,5.0,92.1,1.5,,,,,
Gilbert, Logan,669302,2022,185.2,22.7,6.4,96.1,1.3,94.7,1.3,,,
Wells, Tyler,669330,2022,103.2,18.0,6.6,93.5,1.1,,,,,
Skubal, Tarik,669373,2022,117.2,24.5,6.7,94.1,1.5,94.8,1.6,,,
Coleman, Dylan,669395,2022,68.0,24.6,12.8,97.5,1.2,98,1.4,,,
Lambert, Jimmy,669424,2022,47.0,22.1,11.8,94.3,1.4,,,,,
Rogers, Trevor,669432,2022,107.0,22.2,9.4,94.6,1.6,94.9,1.4,,,
Bieber, Shane,669456,2022,200.0,25.0,4.6,91.3,1.1,,,86.9,1,
Nelson, Kyle,669459,2022,37.0,19.9,9.3,91.9,1.2,,,,,
Liberatore, Matthew,669461,2022,34.2,17.4,11.2,93.7,1.8,92.8,1.5,,,
Pallante, Andre,669467,2022,108.0,16.0,8.8,95.2,1.3,94.8,1.4,,,
Long, Sam,669674,2022,42.1,18.2,7.7,94.7,1.2,93,1.4,,,
Snead, Kirby,669912,2022,44.2,16.7,10.5,93.5,1.1,93.3,1,,,
Alexander, Jason,669920,2022,71.2,14.3,8.7,93.1,1.2,92.4,1.1,,,
Kirby, George,669923,2022,130.0,24.5,4.1,95.3,1.3,94.7,1.3,88.3,1.4,
White, Mitch,669952,2022,99.0,17.7,8.0,93.7,1.3,94.2,1.3,,,
Festa, Matthew,670036,2022,54.0,29.2,8.2,92.6,1.2,92.5,1.5,,,
Oller, Adam,670124,2022,74.1,13.6,11.6,93.3,1.3,93.6,1.3,89.5,1.4,
Schreiber, John,670167,2022,65.0,28.8,7.4,94.5,1.3,93.4,1.2,,,
Winckowski, Josh,670174,2022,70.1,13.9,8.5,93.7,1.4,94,1.3,88.6,1.4,
Bednar, David,670280,2022,51.2,32.9,7.6,96.4,1,95.2,,,,
Oviedo, Johan,670912,2022,56.0,22.3,9.5,96,1.3,,,,,
Richards, Trevor,670950,2022,64.0,29.2,12.5,93.4,0.8,,,,,
Ramirez, Yohan,670990,2022,37.1,19.2,12.0,93.8,1.4,95.7,1.2,,,
Foley, Jason,671345,2022,60.1,16.8,4.3,96.1,1.3,96.3,1.3,,,
Detmers, Reid,672282,2022,129.0,22.6,8.5,93.2,1.2,93.7,1.3,,,
Perez, Cionel,672335,2022,57.2,23.5,9.0,97,1.4,96.5,1.4,,,
Hernandez, Carlos,672578,2022,56.0,13.2,11.7,96.8,2.3,94.1,1.6,,,
Contreras, Roansy,672710,2022,95.0,21.1,9.6,95.6,1.4,,,,,
Adon, Joan,672851,2022,64.2,17.7,12.6,95,1.4,95,1.4,,,
Henry, Tommy,674072,2022,47.0,17.6,10.2,91.6,1.2,91.3,,,,
Strider, Spencer,675911,2022,131.2,38.3,8.5,98.2,1.4,,,,,
Karinchak, James,675916,2022,39.0,38.8,13.1,95.2,0.9,,,,,
Howard, Spencer,675921,2022,37.2,17.9,8.4,94.4,1.4,,,84.8,2.1,
Snider, Collin,676092,2022,34.1,14.6,9.9,94.1,,96,1,,,
Abbott, Cory,676265,2022,48.0,20.8,11.6,91.3,1.3,,,,,
Whitlock, Garrett,676477,2022,78.1,26.4,4.8,95.1,1.2,95.3,1.2,,,
Fleming, Josh,676596,2022,35.0,17.2,7.1,91.3,,91.2,1.5,84.3,1.2,
Sears, JP,676664,2022,70.0,17.7,8.0,93.2,1.1,,,,,
Vest, Will,676684,2022,63.0,23.2,8.1,95.1,1,95.3,1.6,,,
Crawford, Kutter,676710,2022,77.1,23.1,8.7,94.6,1.5,,,88.8,1.4,
Hughes, Brandon,676714,2022,57.2,28.5,8.8,93.2,1,93.2,1.2,,,
Marinaccio, Ron,676760,2022,44.0,30.9,13.3,94.6,1.4,,,,,
Ashby, Aaron,676879,2022,107.1,26.5,9.9,95.5,1.3,95.7,1.4,,,
Garcia, Luis,677651,2022,157.1,24.4,7.3,94,1.6,90.6,1.4,85.3,1.5,
Bello, Brayan,678394,2022,57.1,20.5,10.1,97,1,96.3,1.1,,,
Gray, Josiah,680686,2022,148.2,23.7,10.2,94.4,1.2,94.7,1.2,,,
Bradish, Kyle,680694,2022,117.2,21.8,9.0,94.6,1.5,95.3,1.5,,,
Sandlin, Nick,680704,2022,44.0,22.8,13.3,93.6,1.1,93.5,1.2,,,
Winder, Josh,680739,2022,67.0,16.4,6.3,94,1.1,,,,,
Wantz, Andrew,681806,2022,50.1,25.5,10.3,93.8,1.1,,,87.9,1.3,
Vesia, Alex,681911,2022,54.1,34.8,10.6,94.1,1.3,,,,,
Hill, Garrett,682051,2022,60.1,15.2,11.0,92,1.9,91.7,1.6,,,
Murfee, Penn,682171,2022,69.1,27.9,6.6,89,1.1,88.9,1.2,,,
Pepiot, Ryan,686752,2022,36.1,26.3,16.9,93.9,1.1,,,,,
Brieske, Beau,689225,2022,81.2,15.9,7.4,94.3,1,93.6,1.2,,,
Elder, Bryce,693821,2022,54.0,20.7,10.1,91.6,1.5,90.7,1.4,90.5,1.6,